LineItems,Labels
Interest and dividends payable,Accounts payable
Members' capital,Total shareholder's equity
Other liabilities,Other liabilities
"Payable to brokers, dealers and clearing organizations",Payable to broker-dealers
Payable to customers,Payable to customers and counterparties
Retained earnings,Retained (accumulated) earnings
Securities loaned,Collateralized borrowing agreements
Securities sold under agreements to repurchase,Collateralized borrowing agreements
Short-term borrowings,Short-term borrowing
Subordinated borrowing with Parent,Subordinated liabilities
Total liabilities & shareholder's equity,Total liabilities and shareholder's equity
Member's capital,Total shareholder's equity
Payable to broker-dealers and clearing organizations,Payable to broker-dealers
Borrowings,Short-term borrowing
Subordinated borrowing with FFS,Subordinated liabilities
Debt securities,"Financial instruments sold,  but not yet purchased at fair value"
Paid-in capital,Additional paid-in capital
"Securities sold, not yet purchased, at market value","Financial instruments sold,  but not yet purchased at fair value"
Short term borrowings,Short-term borrowing
Payable to customer,Payable to customers and counterparties
Obligations to return collateral,Obligation to return secunties received as collateral
Payables to broker-dealers and clearing organizations,Payable to broker-dealers
Payables to customers,Payable to customers and counterparties
Subordinated borrowings,Subordinated liabilities
Broker-dealers and clearing organizations (Note 4),Payable to broker-dealers
Customers,Payable to customers and counterparties
Member's equity,Total shareholder's equity
Short-term borrowings (Note 7),Short-term borrowing
Subordinated Borrowings,Subordinated liabilities
Broker-dealers and clearing organizations,Payable to broker-dealers
Accrued expenses and other liabilities,Accrued liabilities
Member's Capital,Total shareholder's equity
"Corporate stock (proceeds $1,261,282,922)","Financial instruments sold,  but not yet purchased at fair value"
Dividends payable,Accounts payable
"Options (proceeds $565,083,855)","Financial instruments sold,  but not yet purchased at fair value"
Payables to affiliates,Payable to parent and affiliates
Corporate debt obligations,"Financial instruments sold,  but not yet purchased at fair value"
Corporate stock,"Financial instruments sold,  but not yet purchased at fair value"
Options,"Financial instruments sold,  but not yet purchased at fair value"
Payable to affiliates,Payable to parent and affiliates
Payable to clearing organizations,Payable to broker-dealers
Payables to broker-dealers,Payable to broker-dealers
Other,Other liabilities
Payable to affiliate,Payable to parent and affiliates
Payable to broker-dealers,Payable to broker-dealers
"Securities sold, not yet purchased","Financial instruments sold,  but not yet purchased at fair value"
Subordinated borrowings from affiliate,Subordinated liabilities
Interest payable,Accounts payable
Payable for order flow,Subordinated liabilities
"Payable to brokers, dealers, and futures commission merchants",Payable to broker-dealers
"Exchange, clearance and regulatory fees payable",Accounts payable
Payable to affiliated customers,Payable to customers and counterparties
"Payable to brokers, dealers, and clearing organizations",Payable to broker-dealers
Receivable from affiliates,Payable to parent and affiliates
"Exchange, clearance, and regulatory fees payable",Accounts payable
Payable to brokers and dealers,Payable to broker-dealers
"Securities sold, not yet purchased, at fair value","Financial instruments sold,  but not yet purchased at fair value"
"Payable to brokers, dealers, clearing organizations, and custodians",Payable to broker-dealers
Payable for liquidity and order flow,Subordinated liabilities
Subordinated loans and accrued interest,Subordinated liabilities
Loans payable to affiliate,Payable to parent and affiliates
Total liabilities,Total liabilities
Loans and interest payable to affiliate,Payable to parent and affiliates
Accounts payable and other accrued expenses,Current liabilities
"Common units; par value $10,000 per share - authorized 100 shares; issued and outstanding 1 share","Common stock, par value"
Deferred rent,Deferred liability
Deficit accumulated during development stage,Other liabilities
"Preferred units; par value $10,000 per share - authorized 400 shares; issued and outstanding 142 shares","Common stock, par value"
Accrued expenses,Accrued liabilities
Member's Equity,Total shareholder's equity
Payable to FICC,Payable to parent and affiliates
Payable to clearing organization,Payable to broker-dealers
Other trading liability,"Financial instruments sold,  but not yet purchased at fair value"
"(includes $783,419,799 at fair value)",Other liabilities
"Payables to brokers, dealers and clearing organization",Payable to broker-dealers
"(includes $348,908,859 at fair value)",Other liabilities
"(includes $998,496,84 at fair value)",Other liabilities
Other trading liabilities,"Financial instruments sold,  but not yet purchased at fair value"
"(includes $355,728,597 at fair value)",Collateralized borrowing agreements
Lease liability,Lease liability
"(includes $300,155,028 at fair value)",Other liabilities
Accrued interest payable,Accrued liabilities
Accumulated earnings,Retained (accumulated) earnings
Member's contributions,Other equity
Total member's equity,Total shareholder's equity
Payable to banks,Payable to banks
Accumulated loss,Other equity
"Financial instruments sold, not yet purchased, at fair value","Financial instruments sold,  but not yet purchased at fair value"
Payable to non-customers,Payable to customers and counterparties
"Accounts payable, accrued expenses and other liabilities",Current liabilities
Obligation to return securities received as collateral,Obligation to return secunties received as collateral
Short-term bank loans,Payable to banks
Subordinated debt,Subordinated liabilities
"Payable to brokers, dealers and clearing organizaltions",Payable to broker-dealers
"Commitments, contingencies and guarantees Subordinated borrowings",Subordinated liabilities
"Payables to brokers, dealers and clearing organizations",Payable to broker-dealers
Payables to non-customers,Payable to customers and counterparties
"Commitments, contingencies and guarantees: Subordinated borrowings",Subordinated liabilities
"Financial instruments sold, not yet purchased - at fair value","Financial instruments sold,  but not yet purchased at fair value"
"Payables to brokers, dealers, and clearing organizations",Payable to broker-dealers
Obligation to return securities received as collateral - at fair value,Obligation to return secunties received as collateral
Accounts payable,Accounts payable
Members' equity,Total shareholder's equity
Due to affiliate,Payable to parent and affiliates
Payable to clearing broker,Payable to broker-dealers
Accounts payables,Accounts payable
Payable to brokers and clearing organizations,Payable to broker-dealers
Repurchase agreements,Collateralized borrowing agreements
Unrealized loss on forward commitments,"Financial instruments sold,  but not yet purchased at fair value"
Accounts payables and accrued expenses,Current liabilities
Payables to brokers and clearing organizations,Payable to broker-dealers
"Securities sold under agreements to repurchase, net",Collateralized borrowing agreements
Clearance and regulatory fees payable,Accounts payable
Payable to broker and dealer,Payable to broker-dealers
Brokers and dealers,Payable to broker-dealers
"Common stock, par value $1 per share; 1,000 shares authorized; 1,000 shares issued and outstanding","Common stock, par value"
Compensation and benefits,Other liabilities
Corporate debt and preferred stock,"Financial instruments sold,  but not yet purchased at fair value"
Derivative contracts,"Financial instruments sold,  but not yet purchased at fair value"
Equities and convertible debentures,"Financial instruments sold,  but not yet purchased at fair value"
Interest and other,Other liabilities
Interest and other (includes $350 measured at fair value in accordance with the fair value option election),Other liabilities
Loans due to affiliates,Payable to parent and affiliates
"Obligation to return securities received as collateral, at fair value",Obligation to return secunties received as collateral
"Payables under repurchase agreements (includes $111,724 measured at fair value in accordance with the fair value option election)",Collateralized borrowing agreements
Payables under securities loaned transactions,Collateralized borrowing agreements
"Preferred Shares Series A, par value $1 per share, liquidation preference of $58.6 million; 17.07 shares issued and outstanding","Common stock, par value"
"Preferred Shares Series B, par value $1 per share, liquidation preference of $58.6 million; 82.93 shares issued and outstanding","Common stock, par value"
U.S. Treasury and government agencies,"Financial instruments sold,  but not yet purchased at fair value"
Accrued compensation and benefits,Accrued liabilities
"Clients (including free credit balances of $2,811,141)",Payable to banks
Dividends and interest,Accounts payable
Liabilities and stockholder's equity Short-term borrowings,Short-term borrowing
Long-term borrowings,Long-term borrowing
Other liabilities and accrued expenses,Accrued liabilities
Payable to affiliated companies,Payable to parent and affiliates
Stockholder's equity,Total shareholder's equity
Subordinated liabilities,Subordinated liabilities
"Trading liabilities, at fair value","Financial instruments sold,  but not yet purchased at fair value"
"Clients (including free credit balances of $5,969,973)",Payable to banks
Obligation to return securities,Obligation to return secunties received as collateral
"Clients (including free credit balances of $3,703,718)",Payable to banks
"Clients (including free credit balances of $3,316,016)",Payable to banks
"Clients (including free credit balances of $3,878,209)",Payable to banks
"Clients (including free credit balances of $3,534,906)",Payable to banks
"Clients (including free credit balances of $3,643,382)",Payable to banks
"Clients (including free credit balances of $2,198,757)",Payable to banks
"Clients (including free credit balances of $ 1,841,557)",Payable to banks
"Brokers, dealers and clearing organizations",Payable to broker-dealers
"Clients (including free credit balances of $1,638,213)",Payable to banks
Income taxes payable,Taxes payable
Payables to affiliated companies,Payable to parent and affiliates
"Clients (including free credit balances of $2,193,176)",Payable to banks
"Clients (including free credit balances of $3,593,857)",Payable to banks
"Clients (including free credit balances of $2,703,265)",Payable to banks
"Clients (including free credit balances of $2,828,617)",Payable to banks
"Clients (including free credit balances of $4,446,526)",Payable to banks
"Clients (including free credit balances of $4,355,382)",Payable to banks
"Clients (including free credit balances of ($5,151,759)",Payable to banks
Clients,Payable to customers and counterparties
Financial liabilities designated at fair value,"Financial instruments sold,  but not yet purchased at fair value"
Dividends and interest payable,Accounts payable
"Securities sold. not yet purchased, at fair value","Financial instruments sold,  but not yet purchased at fair value"
"Financial liabilities, at fair value","Financial instruments sold,  but not yet purchased at fair value"
"$104,675 at fair value)",Other liabilities
value,Other equity
"$166,396 at fair value)",Other liabilities
"4,000 shares issued and outstanding","Common stock, par value"
Accounts payable and accrued liabilities,Current liabilities
Loans payable,Accounts payable
Payable to Parent and affiliates,Payable to parent and affiliates
"Payable to brokers, dealers or clearing organizations",Payable to broker-dealers
SUBORDINATED LIABILITIES,Subordinated liabilities
"Securities sold, but not yet purchased, at market value","Financial instruments sold,  but not yet purchased at fair value"
Additional paid-in capital,Additional paid-in capital
"Common stock, no par value, stated value $25,000 per share. Authorized 6,640 shares; issued and outstanding 4,000 shares","Common stock, par value"
Total liabilities and stockholder's equity,Total liabilities and shareholder's equity
Total stockholder's equity,Total shareholder's equity
Accumulated deficit,Other equity
"6,640 shares; issued and outstanding 4,000 shares","Common stock, par value"
"Securities sold, but not yet purchased, at fair value","Financial instruments sold,  but not yet purchased at fair value"
Securities soid under agreements to repurchase,Collateralized borrowing agreements
"Commitments, contingencies, and guarantees: Subordinated borrowings",Subordinated liabilities
"Financial instruments sold, but not yet purchased, at fair value","Financial instruments sold,  but not yet purchased at fair value"
Loans payable to Parent,Payable to parent and affiliates
Subordinated borrowings from Parent,Subordinated liabilities
"Commitments, contingencies and guarantees: Subordinated borrowings from Parent",Subordinated liabilities
Accrued compensation and related benefits,Accrued liabilities
"Securities sold, not yet purchased, at market value (note 4)","Financial instruments sold,  but not yet purchased at fair value"
Borrowings from affiliate (note 5),Payable to parent and affiliates
"Payable to brokers, dealers, and clearing organizations (note 3)",Payable to broker-dealers
Payables to affiliates (note 6),Payable to parent and affiliates
Liability associated with exit activity (note 11),"Financial instruments sold,  but not yet purchased at fair value"
Payables to affiliated parties (note 5),Payable to customers and counterparties
Payable to affiliated parties,Payable to parent and affiliates
Accounts payable and accrued expenses,Current liabilities
"Brokers, dealers and other",Payable to broker-dealers
Corporate debt,"Financial instruments sold,  but not yet purchased at fair value"
"Cumulative preferred stock, at redemption value","Common stock, par value"
Equities,"Financial instruments sold,  but not yet purchased at fair value"
"Loans payable to parent and affiliates, net",Payable to parent and affiliates
U.S. government and agencies,"Financial instruments sold,  but not yet purchased at fair value"
Drafts payable,Accounts payable
Subordinated indebtedness,Subordinated liabilities
Accrued compensation and accounts payable,Current liabilities
"Accounts payable, accrued expenses and other",Current liabilities
Asset acquisition payable,Accounts payable
Due to affiliates,Payable to parent and affiliates
Bank loan payable,Payable to banks
Affiliates,Payable to parent and affiliates
Total liabilities and member's equity,Total liabilities and shareholder's equity
Bank loans payable,Payable to banks
Overdrafts payable,Accounts payable
Accumulated other comprehensive loss,Other equity
Derivatives contracts,"Financial instruments sold,  but not yet purchased at fair value"
"Brokers, dealers and others",Payable to broker-dealers
Subordinated and other long-term borrowings,Long-term borrowing
"Other liabilities, of which $510 is reported at fair value",Other liabilities
"Subordinated and other long-term borrowings, of which $2,925 is reported at fair value and from consolidated VIEs",Long-term borrowing
"Other liabilities, of which $562 reported at fair value and $1 is from consolidated VIEs",Other liabilities
"Subordinated and other long-term borrowings, of which $1,539 is reported at fair value and from consolidated VIEs",Long-term borrowing
Debt instruments,"Financial instruments sold,  but not yet purchased at fair value"
Equity instruments,"Financial instruments sold,  but not yet purchased at fair value"
"Other liabilities, of which $621 reported at fair value",Other liabilities
and is from consolidated VIEs,Payable to parent and affiliates
"Brokers, dealers and others.",Payable to broker-dealers
"Obligation to return securities received as collateral, at fair value.",Obligation to return secunties received as collateral
"Other liabilities, of which $997 reported at fair value and $1 is from consolidated VIEs",Other liabilities
"Other liabilities, of which $1,155 reported at fair value",Other liabilities
"Obligation to return secunties received as collateral, at fair value",Obligation to return secunties received as collateral
"Other liabilities, of which $946 reported at fair value",Other liabilities
"Subordinated and other long-term borrowings, of which $438 is reported at fair value and is from consolidated VIEs.",Long-term borrowing
"Other liabilities, of which $464 reported at fair value",Other liabilities
Total liabilities.,Total liabilities
"Other liabilities, of which $336 reported at fair value.",Other liabilities
"Subordinated and other long-term borrowings, of which $93 is reported at fair value and is from consolidated VIEs",Long-term borrowing
"Other liabilities, of which $349 reported at fair value",Other liabilities
"Subordinated and other long-term borrowings, of which $83 is reported at fair value and is from consolidated VIEs",Long-term borrowing
"Other liabilities, of which $339 reported at fair value",Other liabilities
"Securities loaned, of which $87 is reported at fair value",Collateralized borrowing agreements
"Securities sold under agreements to repurchase, of which $16,971 is reported at fair value",Collateralized borrowing agreements
"Subordinated and other long-term borrowings, of which $476 is reported at fair value and is from consolidated VIEs",Long-term borrowing
MEMBER'S EQUITY,Total shareholder's equity
"Securities sold but not yet purchased, at market value","Financial instruments sold,  but not yet purchased at fair value"
"Securities sold, but not yet purchased-At fair value","Financial instruments sold,  but not yet purchased at fair value"
"Securities sold, but not yet purchased - at fair value","Financial instruments sold,  but not yet purchased at fair value"
"Securities sold, but not yet purchased-at fair value","Financial instruments sold,  but not yet purchased at fair value"
Obligation to return securities received as collateral from affiliate,Obligation to return secunties received as collateral
"Securities sold, but not yet purchased fair value","Financial instruments sold,  but not yet purchased at fair value"
Drafts,"Financial instruments sold,  but not yet purchased at fair value"
"Brokers, dealers and other organizations",Payable to broker-dealers
Total Liabilities,Total liabilities
Long-term subordinated liabilities,Long-term borrowing
Partners' capital,Other equity
Payables to customers and counterparties,Payable to customers and counterparties
Accumulated other comprehensive income,Other equity
Financial instruments sold under agreements to repurchase,Collateralized borrowing agreements
Other secured financings,Collateralized borrowing agreements
Unsecured long-term borrowings,Long-term borrowing
"Unsecured short-term borrowings, including the current portion of unsecured long-term borrowings",Short-term borrowing
"Financial instruments sold under agreements to repurchase, at fair value",Collateralized borrowing agreements
"Other secured financings (includes $2,076,473 at fair value)",Collateralized borrowing agreements
"Securities loaned (includes $6,541 at fair value)",Collateralized borrowing agreements
"Unsecured long-term borrowings (includes $347,904 at fair value)",Long-term borrowing
"long-term borrowings (includes $1,303,559 at fair value)",Long-term borrowing
"Other secured financings (includes $1,317 at fair value)",Collateralized borrowing agreements
Securities loaned (includes $6 at fair value),Collateralized borrowing agreements
Unsecured long-term borrowings (includes $146 at fair value),Long-term borrowing
"Unsecured short-term borrowings, including the current portion of unsecured long-term borrowings (includes $1 at fair value)",Short-term borrowing
Other liabilities and accrued expenses (includes $17 at fair value),Other liabilities
Other secured financings (includes $853 at fair value),Collateralized borrowing agreements
"Securities loaned (includes $23,810 at fair value)",Collateralized borrowing agreements
Unsecured long-term borrowings (includes $221 at fair value),Long-term borrowing
long-term borrowings (includes $3 at fair value),Long-term borrowing
"Financial instruments sold,t bu t not yet purchased, at fair value","Financial instruments sold,  but not yet purchased at fair value"
Other liabilities and accrued expenses (includes $23 at fair value),Other liabilities
"Other secured financings (includes $2,598 at fair value)",Collateralized borrowing agreements
"Securities loaned (includes $28,083 at fair value)",Collateralized borrowing agreements
"Securities sold under agreements to repurchase, at fair value",Collateralized borrowing agreements
Unsecured long-term borrowings (includes $227 at fair value),Long-term borrowing
"Unsecured short-term borrowings, including the current portion of unsecured long-term borrowings (includes $3 at fair value)",Short-term borrowing
Other liabilities and accrued expenses (includes $20 at fair value),Other liabilities
"Other secured financings (includes $5,237 at fair value)",Collateralized borrowing agreements
"Securities loaned (includes $29,908 at fair value)",Collateralized borrowing agreements
Unsecured long-term borrowings (includes $239 at fair value),Long-term borrowing
"Other secured financings (includes $8,623 at fair value)",Collateralized borrowing agreements
"Securities loaned (includes $31,698 at fair value)",Collateralized borrowing agreements
"Unsecured short-term borrowings, including the current portion of unsecured long-term borrowings (includes $260 at fair value)",Short-term borrowing
"Other secured financings (includes $9,739 at fair value)",Collateralized borrowing agreements
"Securities loaned (includes $33,912 at fair value)",Collateralized borrowing agreements
Unsecured long-1erm borrowings,Long-term borrowing
Unsecured short-term borrowings (includes $198 at fair value),Short-term borrowing
Customers and counterparies,Payable to customers and counterparties
"Financial instruments sold, but not yet purchased at fair value","Financial instruments sold,  but not yet purchased at fair value"
"Other secured financings (includes $12,876 at fair value)",Collateralized borrowing agreements
"Securities loaned (includes $38,515 at fair value)",Collateralized borrowing agreements
Unsecured short-term borrowings (includes $218 at fair value),Short-term borrowing
Customers and counterparties,Payable to customers and counterparties
"Other secured financings (includes $12,713 at fair value)",Collateralized borrowing agreements
"Securities loaned (includes $28,978 at fair value)",Collateralized borrowing agreements
Securities sold under agreements to repurchase at fair value,Collateralized borrowing agreements
Unsecured short-term borrowings,Short-term borrowing
"Brokers, deaters and clearing organizations",Payable to broker-dealers
Customers and counterparles,Payable to customers and counterparties
"Financial instruments sold. but not yet purchased, at fair value","Financial instruments sold,  but not yet purchased at fair value"
"Other secured financings (includes $9,586 at fair value)",Collateralized borrowing agreements
"Securities loaned (includes $17,331 at tair value)",Collateralized borrowing agreements
Unsecured long-berm borrowings,Long-term borrowing
Unsecured shorl-lerm bonrowings (includes $20 at fair value),Short-term borrowing
"Financial instruments sold, but not yet purchased (at fair value)","Financial instruments sold,  but not yet purchased at fair value"
"Other secured financings (includes $11,102 at fair value)",Collateralized borrowing agreements
"Securities loaned (includes $14,642 at fair value)",Collateralized borrowing agreements
Securities sold under agreements to repurchase (at fair value),Collateralized borrowing agreements
"Other secured financings (includes $7,598 at fair value)",Collateralized borrowing agreements
"Securities loaned (includes $20,827 at fair value)",Collateralized borrowing agreements
"Other secured financings (includes $3,694 at fair value)",Collateralized borrowing agreements
"Securities loaned (includes $17,569 at fair value)",Collateralized borrowing agreements
Notes payable,Accounts payable
Bank overdrafts,Payable to banks
Employee compensation and benefits payable,Accounts payable
Legal and regulatory reserves,"Financial instruments sold,  but not yet purchased at fair value"
"Payable to brokers, dealers and clearing broker",Payable to broker-dealers
Legal reserves and legal expense payable,Accounts payable
"Payable to brokers, dealers and clearing brokers",Payable to broker-dealers
Legal reserves and legal expenses payable,Accounts payable
Payable to related parties,Payable to parent and affiliates
Due to related parties,Payable to parent and affiliates
"Securities sold, not yet purchased at fair value","Financial instruments sold,  but not yet purchased at fair value"
Due to related party,Payable to parent and affiliates
"Payable for derivative contracts, at fair value","Financial instruments sold,  but not yet purchased at fair value"
Litigation reserve,"Financial instruments sold,  but not yet purchased at fair value"
Soft dollar payable,Accounts payable
Syndicate fees payable,Accounts payable
"Payable on derivative contracts, at fair value","Financial instruments sold,  but not yet purchased at fair value"
"Accounts payables, accrued expenses and other liabilities",Current liabilities
Compensation payable,Accounts payable
"Payables on derivative contracts, at fair value","Financial instruments sold,  but not yet purchased at fair value"
Payables to brokers and dealers,Payable to broker-dealers
Soft dollar payables,Accounts payable
Payable to subordinated customers,Payable to customers and counterparties
Corporate obligations,"Financial instruments sold,  but not yet purchased at fair value"
State and municipal bond obligations,"Financial instruments sold,  but not yet purchased at fair value"
"Stocks, warrants and options","Financial instruments sold,  but not yet purchased at fair value"
U.S. Government and agency obligations,"Financial instruments sold,  but not yet purchased at fair value"
"Stocks, warrants, and options","Financial instruments sold,  but not yet purchased at fair value"
"Common stock par value $1.00 per Authorized, outstanding 2,000 shares","Common stock, par value"
Paid-in capital in excess of par value,Additional paid-in capital
Securities sold under agreements to repurchases,Collateralized borrowing agreements
"Brokers, dealers, and clearing organizations",Payable to broker-dealers
"Financial instruments sold, but not yet purchased, at market value","Financial instruments sold,  but not yet purchased at fair value"
"Securities financing transactions: Securities sold under agreements to repurchase (includes securities at fair value of $41,290,013)",Collateralized borrowing agreements
"Securities loaned (includes securities at fair value of $155,881)",Collateralized borrowing agreements
"Securities loaned (includes securities at fair value of $847,463)",Collateralized borrowing agreements
"Securities sold under agreements to repurchase (includes securities at fair value of $48,968,327)",Collateralized borrowing agreements
Noncustomers,"Financial instruments sold,  but not yet purchased at fair value"
"Securities loaned (includes securities at fair value of $693,613)",Collateralized borrowing agreements
"Securities sold under agreements to repurchase (includes securities at fair value of $80,267,928)",Collateralized borrowing agreements
Other liabilities (includes $875 of obligation to return securities as collateral at fair value),Other liabilities
Securities loaned (includes securities at fair value of $310),Collateralized borrowing agreements
"Securities sold under agreements to repurchase (includes securities at fair value of $53,687)",Collateralized borrowing agreements
"Commitments, contingencies and guarantees",Subordinated liabilities
"Financial instruments sokd, but not yet purchased, at fair value","Financial instruments sold,  but not yet purchased at fair value"
"Other liabilities (includes $8,050 of obligation to return securities as collateral at fair value)",Other liabilities
Securities loaned (includes $448 at fair value),Collateralized borrowing agreements
"Securities sold under agreements to repurchase (includes $43,199 at fair value)",Collateralized borrowing agreements
"Common stock, par value $1.00 per share. 2,000 shares authorized, issued, and outstanding","Common stock, par value"
Loans,Long-term borrowing
"Other liabilities (includes $2,625 of obligation to return securities as collateral at fair value)",Other liabilities
Securities loaned (includes $998 at fair value),Collateralized borrowing agreements
"Securities sold under agreements to repurchase (includes $8,865 at fair value)",Collateralized borrowing agreements
"Financial instruments sold, but not yet purchased, M fair value","Financial instruments sold,  but not yet purchased at fair value"
Other liabilities (includes $204 of obligation to return securities as collateral at fair value),Other liabilities
Securities loaned (includes $555 at fair value),Collateralized borrowing agreements
"Securities sold under agreements to repurchase (includes $20,303 at fair value)",Collateralized borrowing agreements
Other liabilities (includes $6 of obligation to return securities as collateral at fair value),Other liabilities
Securities loaned (includes $215 at fair value),Collateralized borrowing agreements
"Securities sold under agreements to repurchase (includes $29,216 at fair value)",Collateralized borrowing agreements
"Common stock, par value $1.00 per share (2,000 shares authorized, issued, and outstanding)","Common stock, par value"
"Other liabilities (includes obligation to return securities as collateral at fair value of $1,140)",Other liabilities
Securities loaned (includes fair value of $268),Collateralized borrowing agreements
"Securities sold under agreements to repurchase (includes fair value of $24,536)",Collateralized borrowing agreements
Securities loaned (includes fair value of $57),Collateralized borrowing agreements
"Securities sold under agreements to repurchase (includes fair value of $25,239)",Collateralized borrowing agreements
"Securities loaned (includes fair value of $2,417)",Collateralized borrowing agreements
"Securities sold under agreements to repurchase (includes fair value of $23,127)",Collateralized borrowing agreements
"Securities loaned (includes fair value of $1,609)",Collateralized borrowing agreements
"Securities sold under agreements to repurchase (includes fair value of $20,083)",Collateralized borrowing agreements
"Common stock ($25 par value, 1,000 shares authorized, issued and outstanding)","Common stock, par value"
Corporate and other debt,"Financial instruments sold,  but not yet purchased at fair value"
Interest and dividends,Accounts payable
U.S. government and federal agency,"Financial instruments sold,  but not yet purchased at fair value"
Corporate equities,"Financial instruments sold,  but not yet purchased at fair value"
U.S. government and federal agency securities,"Financial instruments sold,  but not yet purchased at fair value"
Other sovereign government obligations,"Financial instruments sold,  but not yet purchased at fair value"
"Other secured financings, at fair value",Collateralized borrowing agreements
"Preferred stock (no par value, 100 shares authorized, 20 shares issued and outstanding)","Common stock, par value"
"Common stock (525 par value. 1,000 shores authorized issued and outstanding)","Common stock, par value"
Derivative and other contracts,"Financial instruments sold,  but not yet purchased at fair value"
Non controlling interest,Other equity
"Other secured financings (includes $578,327 at fair value; $53,917 related to consolidated variable interest entities and are non-recourse to the Company)",Collateralized borrowing agreements
"Securities sold under agreements to repurchase (includes $848,785 at fair value)",Collateralized borrowing agreements
U.S. government and agency securities,"Financial instruments sold,  but not yet purchased at fair value"
Morgan Stanley & Co. LLC member's equity,Total shareholder's equity
Noncontrolling interest,Other equity
"Other (includes $1,641,397 at fair value)",Other liabilities
"Other secured financings (includes $272,089 at fair value; $55,245 related to consolidated variable interest entities and are non-recourse to the Company)",Collateralized borrowing agreements
"Securities sold under agreements to repurchase (includes $347,715 at fair value)",Collateralized borrowing agreements
"Other (includes $317,372 at fair value)",Other liabilities
"Other liabilities and accrued expenses (includes $445,799 at fair value)",Other liabilities
"Other secured financings (includes $141,600 at fair value; $16,155 related to consolidated variable interest entities and are non-recourse to the Company)",Collateralized borrowing agreements
"Securities sold under agreements to repurchase (includes $363,715 at fair value)",Collateralized borrowing agreements
Other (includes $137 at fair value),Other liabilities
Other liabilities and accrued expenses (includes $562 at fair value),Other liabilities
Other secured financings (includes $41 at fair value),Collateralized borrowing agreements
Securities sold under agreements to repurchase (includes $561 at fair value),Collateralized borrowing agreements
Other (includes $94 at fair value),Other liabilities
Other liabilities and accrued expenses (includes $172 at fair value),Other liabilities
Securities sold under agreements to repurchase (includes $612 at fair value),Collateralized borrowing agreements
variable interest entities and are non-recourse to the Company),Collateralized borrowing agreements
Other (includes $301 at fair value),Other liabilities
Other liabilities and accrued expenses (includes $255 at fair value),Other liabilities
"Other secured financings (includes $48 at fair value; $47 related to consolidated variable interest entities, generally non-recourse to the Company)",Collateralized borrowing agreements
Securities sold under agreements to repurchase (includes $683 at fair value),Collateralized borrowing agreements
Long-term borrowings (includes $539 at fair value),Long-term borrowing
Other secured financings (includes $34 at fair value; $33 related to consolidated variable interest entities generally not available to the Company),Collateralized borrowing agreements
Securities sold under agreements to repurchase (includes $730 at fair value),Collateralized borrowing agreements
Long-term borrowings (includes $47 at fair value),Long-term borrowing
Other secured financings (includes $334 at fair value; $210 related to consolidated variable interest entities generally not available to the Company),Collateralized borrowing agreements
Securities sold under agreements to repurchase (includes $800 at fair value),Collateralized borrowing agreements
Borrowings (includes $574 at fair value),Short-term borrowing
Other secured financings (includes $105 at fair value; $38 related to consolidated variable interest entities generally non-recourse to the Company),Collateralized borrowing agreements
Securities sold under agreements to repurchase (includes $812 at fair value),Collateralized borrowing agreements
Borrowings (includes $758 at fair value),Short-term borrowing
"Other secured financings (includes $1,610 at fair value; $13 related to consolidated variable interest entities generally non-recourse to the Company)",Collateralized borrowing agreements
"Securities sold under agreements to repurchase (includes $1,114 at fair value)",Collateralized borrowing agreements
Commitments and contingencies,Subordinated liabilities
Liabilities subordinated to claims of general creditors,Subordinated liabilities
Payables to brokers and dealers and clearing organizations,Payable to broker-dealers
"Trading securities sold, not yet purchased, at market value","Financial instruments sold,  but not yet purchased at fair value"
"shares; issued and outstanding, 30 shares","Common stock, par value"
Accumulated other comprehensive income - foreign currency translation adjustment,Other equity
"Capital stock - no par value. Authorized 100,000 shares; issued and outstanding 30 shares","Common stock, par value"
Intercompany payable due to affiliates,Payable to parent and affiliates
"Trading securities sold, not yet purchased, at fair value","Financial instruments sold,  but not yet purchased at fair value"
Accumulated other comprehensive loss - foreign currency translation,Other equity
Intercompany income taxes payable,Taxes payable
Payables to broker/dealers and clearing organizations,Payable to broker-dealers
and outstanding 30 shares,"Common stock, par value"
Accumulated other comprehensive loss - foreign currency translation adjustment,Other equity
Retained carnings,Retained (accumulated) earnings
Bank borrowings,Payable to banks
Borrowings from affiliates,Payable to parent and affiliates
Corporate debt and collateralized mortgage obligations,"Financial instruments sold,  but not yet purchased at fair value"
Equity securities,"Financial instruments sold,  but not yet purchased at fair value"
"Common stock, without par value, 9,000 shares authorized, 5,984 shares issued and outstanding","Common stock, par value"
"Financial instruments sold, not yet purchased","Financial instruments sold,  but not yet purchased at fair value"
Loan payable to Parent,Payable to parent and affiliates
Trading liabilities,"Financial instruments sold,  but not yet purchased at fair value"
Borrowings from Parent,Payable to parent and affiliates
"Securities sold under agreements to repurchase (includes $500,611 at fair value)",Collateralized borrowing agreements
Short-term borrowings:,Short-term borrowing
Company),"Financial instruments sold,  but not yet purchased at fair value"
Long-term borrowings at fair value (relates to consolidated variable interest entities and are non-recourse to the Company),Long-term borrowing
Short term bonds and notes issued,Short-term borrowing
Long term borrowings at fair value (relates to consolidated variable interest entities and are non-recourse to the Company),Long-term borrowing
entities and are non-recourse to the Company),Collateralized borrowing agreements
issued and outstanding,"Common stock, par value"
"Securities sold under agreements to repurchase (includes $28,222 at fair value)",Collateralized borrowing agreements
Borrowings at fair value,Short-term borrowing
Other secured financing,Collateralized borrowing agreements
"Securities sold under agreements to repurchase (includes $1,415,083 at fair value)",Collateralized borrowing agreements
"Securities sold under agreements to repurchase (includes $949,579 at fair value)",Collateralized borrowing agreements
Obligation to return securities received as collateral at fair value,Obligation to return secunties received as collateral
Liabilities subordinated to the claims of general creditors,Subordinated liabilities
Overnight loans and overdrafts,Long-term borrowing
"Payable to brokers, deaiers, and clearing organizations",Payable to broker-dealers
Securities failed to receive,Collateralized borrowing agreements
"Securities sold, not yet purchased - at market value","Financial instruments sold,  but not yet purchased at fair value"
Stockholder's Equity,Total shareholder's equity
"Common stock, $10 stated value - 500 shares authorized, issued, and outstanding","Common stock, par value"
"Securities sold, not yet purchased - at fair value","Financial instruments sold,  but not yet purchased at fair value"
Overnight loan,Payable to parent and affiliates
"Common stock, $10,000 stated value - 500 shares authorized, issued, and outstanding","Common stock, par value"
"Accrued expenses and other liabilities (includes $325,907 at fair value)",Other liabilities
"Accrued expenses and other liabilities (includes $23,989 at fair value)",Other liabilities
"Payable to brokers. dealers, and clearing organizations (includes $7 at fair value)",Payable to broker-dealers
"Accrued expenses and other liabilities (includes $8,642 at fair value)",Other liabilities
"Common stock, $10,000 stated value - 1,000 shares authorized, 321 shares issued and outstanding","Common stock, par value"
"Accrued expenses and other liabilities (includes $26,891 at fair value)",Other liabilities
Other Liabilities,Other liabilities
"Payable to Brokers Dealers, and Clearing Organizations",Payable to broker-dealers
Payable to Customers,Payable to customers and counterparties
Securities Loaned,Collateralized borrowing agreements
Securities Sold Under Agreements to Repurchase,Collateralized borrowing agreements
"Securities Sold, Not Yet Purchased","Financial instruments sold,  but not yet purchased at fair value"
Short-term Borrowings,Short-term borrowing
Subordinated Borrowings - Affiliate,Subordinated liabilities
"Total Stockholders"" Equity",Total shareholder's equity
"Payable to Brokers, Dealers, and Clearing Organizations",Payable to broker-dealers
Stockholders' Equity,Total shareholder's equity
"Payables to Brokers, Dealers, and Clearing Organizations",Payable to broker-dealers
Payables to Customers,Payable to customers and counterparties
Stockholders' equity,Total shareholder's equity
"Shares issued and outstanding: 2,000","Common stock, par value"
"Shares issued and outstanding: 27,000,000","Common stock, par value"
Shares issued and outstanding: 3,"Common stock, par value"
Surplus,Accounts payable
Accrued employee compensation and benefits,Accrued liabilities
"Adjustable Rate Cumulative Preferred Stock, Series A, held in treasury, at cost (151 shares)",Treasury stock
"Common stock, $1.00 par value; 1,000 shares authorized and outstanding","Common stock, par value"
"Preferred stock, $1.00 par value (Adjustable Rate Cumulative Preferred Stock, Series A, $500,000 liquidation preference); 1,000 shares authorized; 300 shares issued","Common stock, par value"
Parent,Payable to parent and affiliates
Accrued payroll and related liabilities,Accrued liabilities
Deferred tax liability,Deferred liability
Obligation under capital lease,Lease liability
"issued and outstanding, 1,000 shares","Common stock, par value"
Liabilities of variable interest entities and mortgage loan special purpose entities,Other liabilities
"Series A, $500,000 liquidation preference); 1,000 shares authorized; 300 shares issued","Common stock, par value"
"Borrowings (included $11,062,514 at fair value at December 31, 2008)",Short-term borrowing
"Other liabilities and accrued expenses (included $63,295 at fair value at December 31, 2008)",Other liabilities
Securities lent,Collateralized borrowing agreements
Securities sold under repurchase agreements,Collateralized borrowing agreements
Commitments and contingencies (Note 14),Subordinated liabilities
Beneficial interests issued by consolidated variable interest entities,Other liabilities
"Beneficial interests issued by consolidated variable interest entities (""VIE"") (included $235 at fair value at December 31, 2012)",Other liabilities
"Other liabilities and accrued expenses (included $18 at fair value at December 31, 2012)",Other liabilities
"Payable to brokers, dealers, clearing organizations and others",Payable to broker-dealers
Accounts payable and other liabilities,Accounts payable
"Beneficial interests issued by consolidated variable interest entities (""VIE"") (included $1,044 at fair value)",Other liabilities
Commercial paper,"Financial instruments sold,  but not yet purchased at fair value"
Securities sold under repurchase agreements (included $306 at fair value),Collateralized borrowing agreements
"Beneficial interests issued by consolidated variable interest entities (""VIE"") (included $1,108 at fair value)",Other liabilities
Borrowings (included $955 at fair value),Short-term borrowing
"Long term debt, at fair value",Long-term borrowing
Member's interest,Other equity
"Securities sold under repurchase agreements (included $2,301 at fair value)",Collateralized borrowing agreements
"Beneficial interests issued by consolidated variable interest entities (""VIE"") (included $258 at fair value)",Other liabilities
"Long-term debt (included $5,000 at fair value)",Long-term borrowing
"Payables to brokers, dealers, clearing organizations and others",Payable to broker-dealers
"Securities sold under repurchase agreements (included $2,798 at fair value)",Collateralized borrowing agreements
Short-term borrowings (included $116 at fair value),Short-term borrowing
"Beneficial interests issued by consolidated variable interest entities (""VIE"") (included $72 at fair value)",Other liabilities
"Long-term debt (included $7,177 at fair value)",Long-term borrowing
Securities sold under repurchase agreements (included $288 at fair value),Collateralized borrowing agreements
Short-term borrowings (included $221 at fair value),Short-term borrowing
"Beneficial interests issued by consolidated variable interest entities (""VIE""), at fair value",Other liabilities
"Long-term debt, at fair value",Long-term borrowing
Securities sold under repurchase agreements (included $342 at fair value),Collateralized borrowing agreements
Short-term borrowings (included $176 at fair value),Short-term borrowing
"Beneficial interests issued by consolidated variable interest entities (""VIEs""), at fair value",Other liabilities
Other liabilities and accr√ºed expenses,Accrued liabilities
Securities sold under repurchase agreements (included $540 at fair value).,Collateralized borrowing agreements
"Short-term borrowings (included $2,863 at fair value)",Short-term borrowing
Securities sold under repurchase agreements (included $246 at fair value),Collateralized borrowing agreements
"Short-term borrowings (included $2,905 at fair value)",Short-term borrowing
"Beneficial interests issued by consolidated variable interest entities (""VIEs""), (included $40 at fair value)",Other liabilities
Securities loaned (included $38 at fair value),Collateralized borrowing agreements
"Securities sold under repurchase agreements (included $168,607 at fair value)",Collateralized borrowing agreements
"Short-term borrowings (included $9,214 at fair value)",Short-term borrowing
Bank loan payable to parent,Payable to parent and affiliates
"Common stock ($.01 par value; 1,000 shares authorized; 500 shares issued and outstanding)","Common stock, par value"
"Securities sold, but not yet purchased, at market","Financial instruments sold,  but not yet purchased at fair value"
Taxes payable,Taxes payable
Bank loan payable to affiliates,Payable to parent and affiliates
Deferred taxes liability,Deferred liability
Additional Paid-in capital,Additional paid-in capital
Loan payable to affiliates,Payable to parent and affiliates
"Securities sold not yet purchased, at fair value","Financial instruments sold,  but not yet purchased at fair value"
Loan from affiliate,Payable to parent and affiliates
"Payable to brokers, dealers and clearing organizations, net",Payable to broker-dealers
Taxes Payable,Taxes payable
Collateralized financing agreements: Securities sold under agreements to repurchase,Collateralized borrowing agreements
"Payable to customers, brokers, dealers and clearing organizations",Payable to broker-dealers
Bank loans,Payable to banks
Current income taxes payable to Parent,Taxes payable
Draft payable,Accrued liabilities
"Other liabilities and accrued expenses (included $130 million at fair value at Dec 31, 2007)",Other liabilities
Additional paid-in-capital,Additional paid-in capital
"Common stock, par value $1 per share, 10,000 shares authorized, 8,000 shares issued and outstanding","Common stock, par value"
Payables to brokers. dealers and other institutions,Payable to broker-dealers
Securities sold under agreements to repurchase and other collateralized financing arrangements,Collateralized borrowing agreements
but not yet purchased,"Financial instruments sold,  but not yet purchased at fair value"
"Payables to brokers, dealers and other institutions",Payable to broker-dealers
"Common stock, par value $1 per share, 10,000 shares authorized, 8.000 shares issued and outstanding","Common stock, par value"
Other tiabilities,Other liabilities
Secarities sold under agreements to repurchase and other collateralized financing arrangements,Collateralized borrowing agreements
"8,000 shares issued and outstanding","Common stock, par value"
LIABILITIES AND STOCKHOLDER'S EQUITY,Total liabilities and shareholder's equity
Additional paid in capital,Additional paid-in capital
Commitments and contingencies (See Note 9) Subordinated liabilities,Subordinated liabilities
financing arrangements,Collateralized borrowing agreements
"Debt securities in issue, at fair value","Financial instruments sold,  but not yet purchased at fair value"
Retained earnings (deficit),Retained (accumulated) earnings
Accumulated other comprehensive income (loss),Other equity
"Common stock, par value $1 per share, 10,000 shares authorized 8,000 shares issued and outstanding","Common stock, par value"
"Payables to brokers, dealers, customers and other institutions",Payable to customers and counterparties
Securities sold under agreements to repurchase and other collateralized financing arrangements. at fair value,Collateralized borrowing agreements
Accrued interest and dividends payable,Accrued liabilities
Accrued interest and dividend payables,Accrued liabilities
"Securities sold, but not (yet purchased, at fair value","Financial instruments sold,  but not yet purchased at fair value"
10 shares issued and outstanding,"Common stock, par value"
Derivative liabilities,"Financial instruments sold,  but not yet purchased at fair value"
"Common stock - $1,000 par value, 5,000 shares authorized: 10 shares issued and outstanding","Common stock, par value"
"Financial instruments soid, but not yet purchased, at fair value","Financial instruments sold,  but not yet purchased at fair value"
"Accumulated other comprehensive loss, net of tax",Other equity
"Common stock - no par value, 5,000 shares authorized, 10 shares issued and outstanding","Common stock, par value"
"Common stock - no par value, 5,000 shares authorized,","Common stock, par value"
"Securities loaned (includes $3,413 at fair value)",Collateralized borrowing agreements
"Securities sold under agreements to repurchase (includes $36,767 at fair value)",Collateralized borrowing agreements
"Securities loaned (includes $7,483 at fair value)",Collateralized borrowing agreements
"Securities sold under agreements to repurchase (includes $29,028 at fair value)",Collateralized borrowing agreements
"Other collateralized financings, at fair value",Other liabilities
Payables to customers (includes $987 at fair value),Payable to customers and counterparties
"Securities loaned (includes $5, 149 at fair value)",Collateralized borrowing agreements
"Securities sold under agreements to repurchase (includes $31,914 at fair value)",Collateralized borrowing agreements
Payables to customers (includes $983 at fair value),Payable to customers and counterparties
"Securities loaned (includes $4,964 at fair value)",Collateralized borrowing agreements
"Securities sold under agreements to repurchase (includes $28,547 at fair value)",Collateralized borrowing agreements
"Payables to customers (includes $1,013 at fair value)",Payable to customers and counterparties
"Securities loaned (includes $5,646 at fair value)",Collateralized borrowing agreements
"Securities sold under agreements to repurchase (includes $29,270 at fair value)",Collateralized borrowing agreements
"Accumulated other comprehensive income, net of tax",Other equity
Other liabilities (includes $797 at fair value),Other liabilities
"Payables to customers (includes $8,526 at fair value)",Payable to customers and counterparties
"Securities loaned (includes $25,381 at fair value)",Collateralized borrowing agreements
"Securities sold under agreements to repurchase (includes $33,807 at fair value)",Collateralized borrowing agreements
Liabilities subordinated to claims of general creditors (Note 7),Subordinated liabilities
"Payable to brokers, dealers, clearing organizations and customers (Note 5)",Payable to broker-dealers
Payable under securities lending arrangements,Collateralized borrowing agreements
Securities received under collateral agreements,Collateralized borrowing agreements
"Securities sold, not yet purchased, at market value (Note 4)","Financial instruments sold,  but not yet purchased at fair value"
"Securities sold, not yet purchased, at market value, obligation to return collateral (Note 4)","Financial instruments sold,  but not yet purchased at fair value"
Short term borrowings (Note 6),Short-term borrowing
Stockholder's equity (Note 13),Total shareholder's equity
Stockholders' equity (Note 15),Total shareholder's equity
"Payable to brokers, dealers, clearing organizations and customers",Payable to broker-dealers
"Securities sold, not yet purchased, at market value, obligation to return collateral","Financial instruments sold,  but not yet purchased at fair value"
Payable under securities lending agreements,Collateralized borrowing agreements
Stockholder's equity:,Total shareholder's equity
Capital in excess of par value,Other equity
Commitments and contingent liabilities: Liabilities subordinated to claims of general creditors,Subordinated liabilities
outstanding 23 shares,"Common stock, par value"
"Financial instruments sold, not yet purchased, at market value","Financial instruments sold,  but not yet purchased at fair value"
"Financial instruments sold, not yet purchased, at market value, obligation to return collateral","Financial instruments sold,  but not yet purchased at fair value"
"Payable to brokers, dealers, clearing organizations, and customers",Payable to broker-dealers
Total Stockholders' equity:,Total shareholder's equity
"Financial instruments sold, not yet purchased, at fair value, obligation to return collateral","Financial instruments sold,  but not yet purchased at fair value"
"Securities sold under agreements to repurchase (includes $1,830,549 at fair value)",Collateralized borrowing agreements
"Securities sold under agreements to repurchase (includes $152,836 at fair value)",Collateralized borrowing agreements
"Securities sold under agreements to repurchase (includes $43,513 at fair value)",Collateralized borrowing agreements
Total shareholder's equity,Total shareholder's equity
"Common stock ($0.05 par value; 1,000 shares authorized; 24 shares issued and outstanding)","Common stock, par value"
"Securities sold under agreements to repurchase (includes $30,064 at fair value)",Collateralized borrowing agreements
"Common stock ($0.05 par value; 1,000 shares authorized; 25 shares issued and outstanding)","Common stock, par value"
Securities sold under agreements to repurchase (includes $4 at fair value),Collateralized borrowing agreements
"Accrued expenses, compensation and other liabilities",Accrued liabilities
Commitments and contingencies (Notes 8 and 9),Subordinated liabilities
"Common units. 10,000 authorized, issued and outstanding","Common stock, par value"
Undistributed income,Taxes payable
"Common units, 10,000 authorized, issued and outstanding","Common stock, par value"
Commitments and contingencies (Notes 9 and 10),Subordinated liabilities
"Payable to brokers, dealers and others",Payable to broker-dealers
Commitments and contingencies (Notes 10 and 11),Subordinated liabilities
Securities loaned and obligation to return securities received as collateral,Obligation to return secunties received as collateral
Securities sold under agreements to repurchase (includes $392 measured at fair value),Collateralized borrowing agreements
"2,000 shares authorized, 690 shares outstanding","Common stock, par value"
"Common stock, no par value; 2,000 shares authorized, 690 shares outstanding","Common stock, par value"
"Securities sold, but not yet purchased","Financial instruments sold,  but not yet purchased at fair value"
"Securities sold, but not yet purchased (US Government)","Financial instruments sold,  but not yet purchased at fair value"
"Common stock, no par value and additional paid-in-capital; 2,000 shares authorized, 690 shares outstanding","Common stock, par value"
"Financial instruments sold, but not yet purchased","Financial instruments sold,  but not yet purchased at fair value"
"10,000 shares authorized, 2,690 shares issued and outstanding","Common stock, par value"
Commitments and contingencies (see Footnote 13),Other liabilities
"10,000 shares authorized, 4,690 shares issued and outstanding","Common stock, par value"
Acccumulated other comprehensive loss,Other equity
Commitments and contingencies (see Footnote 14),Other liabilities
Short termborrowings,Short-term borrowing
TOTAL ASSEIS,Total liabilities
Securities loaned (including $240.5 million of collateral at fair value),Collateralized borrowing agreements
"1,030 shares outstanding","Common stock, par value"
"Preferred stock, $1.00 par value; 9,000 shares authorized (Series A Preferred Stock, $1,500 liquidation preference); 850 shares outstanding","Common stock, par value"
and outstanding,"Common stock, par value"
870 shares outstanding,"Common stock, par value"
Ultimate Parent,Payable to parent and affiliates
"Preferred stock, $1.00 par value; 9,000 shares authorized (Series A Preferred Stock, $1,500 liquidation preference); 770 shares outstanding","Common stock, par value"
"Preferred stock, $1.00 par value; 9,000 shares authorized (Series A Preferred Stock, $1,500 liquidation preference); 600 shares outstanding","Common stock, par value"
"(Series A Preferred Stock, $1,500 liquidation preference); 450 shares outstanding","Common stock, par value"
Securities sold under agreement to repurchase,Collateralized borrowing agreements
330 shares outstanding,"Common stock, par value"
Short-term borrowings from Ultimate Parent,Short-term borrowing
Short-term borrowings from third parties,Short-term borrowing
"Brokers, dealers, clearing organizations and others",Payable to broker-dealers
Total stockholders' equity,Total shareholder's equity
Payables,Accounts payable
"Common stock, $1 par value; authorized and issued 1,000 shares","Common stock, par value"
"Preferred stock, $1 par value; 9,000 shares authorized; issued 80 shares","Common stock, par value"
Long-term debt,Long-term borrowing
"Preferred stock, $1 par value; 9,000 shares authorized; issued 40 shares","Common stock, par value"
Payables to brokerage clients,Payable to customers and counterparties
Subordinated borrowings from The Charles Schwab Corporation,Subordinated liabilities
Total,Total liabilities
"Preferred stock 3,000,000 shares authorized; $.10 par value per share; none issued","Common stock, par value"
"Equipment, office facilities and property - net","Financial instruments sold,  but not yet purchased at fair value"
"Preferred stock - 3,000,000 shares authorized; $.10 par value per share; none issued","Common stock, par value"
"Receivables from brokers, dealers and clearing organizations",Payable to broker-dealers
Securities owned - at market value (including securities pledged of $8),Collateralized borrowing agreements
Payables to affliates,Payable to customers and counterparties
Subordinated borrowings due to The Charies Schwab Corporation,Subordinated liabilities
Subordinated borrowings due to The Charles Schwab Corporation,Subordinated liabilities
per share; none issued,"Common stock, par value"
"Total liabilities, subordinated borrowings, and stockholder's equity",Total liabilities and shareholder's equity
"Common stock - 7,000,000 shares authorized; $.10 par value","Common stock, par value"
Finance lease obligation,Lease liability
"5,000 shares issued and outstanding","Common stock, par value"
Deposits received for securities loaned,Collateralized borrowing agreements
"Payable to broker-dealers, customers and clearing organizations",Payable to broker-dealers
Short-term loan from affiliate,Payable to parent and affiliates
Subordinated borrowing,Subordinated liabilities
"authorized, 100 shares issued and outstanding","Common stock, par value"
"Payable to broker-dealers, customers, and clearing organizations",Payable to broker-dealers
"Trading account liabilities, at fair value","Financial instruments sold,  but not yet purchased at fair value"
"Trading account liabilities, at market value","Financial instruments sold,  but not yet purchased at fair value"
Short-term loans from affiliates,Payable to parent and affiliates
"Accounts payable, accrued expenses, and other liabilities",Current liabilities
Retained Earnings,Retained (accumulated) earnings
"Financial Instruments sold, not yet purchased, at fair value","Financial instruments sold,  but not yet purchased at fair value"
Member's Contributions,Other equity
Accrued expense and other liabilities,Accrued liabilities
Due to Parent company,Payable to parent and affiliates
"shares; issued and outstanding 12,000 shares","Common stock, par value"
"issued and outstanding 12,000 shares","Common stock, par value"
"Securities sold, not yet purchased. at market value","Financial instruments sold,  but not yet purchased at fair value"
Interest rate swap (note 4),"Financial instruments sold,  but not yet purchased at fair value"
Interest rate swap,"Financial instruments sold,  but not yet purchased at fair value"
LIABILITIES - Accrued expenses and other liabilities,Accrued liabilities
"Common stock, par value $0.01 per share. Authorized 100,000 shares; issued and outstanding 12,000 shares","Common stock, par value"
Liability: Accrued expenses and other liabilities,Accrued liabilities
Deferred Rent,Deferred liability
Due to the Parent,Payable to parent and affiliates
"issued and outstanding 52,000 shares","Common stock, par value"
Accrued and other liabilities,Accrued liabilities
Payable to brokers or dealers and clearing organizations,Payable to broker-dealers
Securities loaned (including accrued rebates),Collateralized borrowing agreements
"Securities sold under agreement to repurchase, net (including accrued interest)",Collateralized borrowing agreements
"outstanding 52,000 shares","Common stock, par value"
Payable to correspondents,Payable to customers and counterparties
Payable to counterparties,Payable to customers and counterparties
Lease Liability,Lease liability
Payables to brokers or dealers and clearing organizations,Payable to broker-dealers
Securities loaned (including accrued interest),Collateralized borrowing agreements
Payables to correspondents,Payable to customers and counterparties
Payables to counterparties,Payable to customers and counterparties
Clearing deposits for correspondent brokers,Payable to broker-dealers
Due to Parent and affiliates,Payable to parent and affiliates
Short-term bank borrowings,Payable to banks
"Voting common stock, Class A, $.01 par value; authorized 65,000 shares; issued and outstanding 1,000 shares","Common stock, par value"
dividends and interest payable,Accounts payable
Accrued compensation,Accrued liabilities
"Common stock ($.125 par value, 100,000 shares issued and outstanding)","Common stock, par value"
Customer drafts payable,Accounts payable
LIABILITIES AND SHAREHOLDER'S EQUITY,Total liabilities and shareholder's equity
Other accrued expenses,Accrued liabilities
"Payable to Parent and affiliates, net",Payable to parent and affiliates
Shareholder's equity:,Total shareholder's equity
Total liabilities and shareholder's equity,Total liabilities and shareholder's equity
"Trading securities sold, but not yet purchased, at market value","Financial instruments sold,  but not yet purchased at fair value"
"Common stock ($.125 par value, 100,000 shares authorized, issued and outstanding)","Common stock, par value"
Borrowings from affiliate (Note 6),Payable to parent and affiliates
Income taxes payable (Notes 2 and 14),Taxes payable
Liabilities subordinated to claims of general croditors,Subordinated liabilities
Other accried expenses,Other liabilities
"Payable to Parent and affiliates, net (Note 11)",Payable to parent and affiliates
Payable to brokers. dealers and clearing organizations (Note 3),Payable to broker-dealers
Payable to customers (Note 2),Payable to customers and counterparties
Recained earnings,Retained (accumulated) earnings
Securities loaned (Note 3),Collateralized borrowing agreements
Securities sold under repurchase agreements (Note 2),Collateralized borrowing agreements
"Trading securities sold. but not yet purchased, at market value (Notes 2 and 4)","Financial instruments sold,  but not yet purchased at fair value"
"Common stock (S.125 par value. 100,000 share authorized. issued and outstanding)","Common stock, par value"
Liabilities subordinated to claims of general creditors (Note 9),Subordinated liabilities
Long-term borrowings from affiliate (Note 8),Long-term borrowing
Payble to brokers. dealers and clearing organizations (Note 3),Payable to broker-dealers
Securities (Notes 2 and 3),"Financial instruments sold,  but not yet purchased at fair value"
Short-term borrowings from affiliate (Note 7),Short-term borrowing
"Trading securities sold, but not yet purchased-at market value (Notes 2 and 4)","Financial instruments sold,  but not yet purchased at fair value"
"Common stock ($.125 par value. 100,000 share authorized, issued and outstanding)","Common stock, par value"
Income taxes payable (Notes 2 and 17),Taxes payable
Payable to Parent and affiliates (Note 13),Payable to parent and affiliates
"Payable to brokers. dealers, and clearing organizations (Note 3)",Payable to broker-dealers
Securities loaned (Note 2),Collateralized borrowing agreements
Trading securities sold. but not yet purchased-at market value (Notes 2 and 4),"Financial instruments sold,  but not yet purchased at fair value"
"Common stock ($.125 par value, 100,000 share authorized, issued and outstanding)","Common stock, par value"
Income taxes payable (Notes 2 and 16),Taxes payable
Payable to brokers. dealers. and clearing organizations (Note 3),Payable to broker-dealers
"Common stock (S.125 par value, 100,000 share authorized, issued and outstanding)","Common stock, par value"
"Payable to brokers, dealers, and clearing organizations (Note 3)",Payable to broker-dealers
TOTAL,Total liabilities
"Trading securities sold, but not yet purchased - at market value (Notes 2 and 4)","Financial instruments sold,  but not yet purchased at fair value"
"160,000 shares authorized, 150,708 issued and outstanding","Common stock, par value"
Long-term borrowings with affiliates,Long-term borrowing
"Non-voting, non-convertible, non-interest bearing preferred stock, par value $0.10 per share, 100 shares authorized, 1 share outstanding, $10,000 liquidation preference","Common stock, par value"
Common members' interest,Other equity
Liabilities subordinated to claims of general creditors from affiliates,Subordinated liabilities
Preferred member's interest,Other equity
"Accounts payable and accrued liabilities (includes $4,746 of liabilities of consolidated VIEs)",Current liabilities
"Short-term borrowings (includes $3,576,355 of beneficial interest issued by consolidated VIEs)",Short-term borrowing
TOTAL LIABILITIES AND MEMBERS' EQUITY,Total liabilities and shareholder's equity
"Accounts payable and accrued liabilities (includes $4,249 of liabilities of consolidated VIEs)",Current liabilities
"Financial instruments sold, but not yet purchased, at fair value (includes $2,176 of liabilities of consolidated VIEs)","Financial instruments sold,  but not yet purchased at fair value"
Payable to clients and counterparties,Payable to customers and counterparties
"Short-term borrowings (includes $5,275,803 at fair value and $2,937,365 of beneficial interest issued by consolidated VIEs)",Short-term borrowing
"Accounts payable and accrued liabilities (including $4,821 in consolidated VIEs)",Current liabilities
"Financial instruments sold, but not yet purchased, at fair value (including $1,687 in consolidated VIEs)","Financial instruments sold,  but not yet purchased at fair value"
"Short-term borrowings (includes $6,751,521 at fair value and $4,656,224 of beneficial interest issued by consolidated VIEs)",Short-term borrowing
"Accounts payable and accrued liabilities (including $1,992 in consolidated VIEs)",Current liabilities
"Short-term borrowings (includes $4,633,023 at fair value and $1,843,560 of beneficial interest issued by consolidated VIEs)",Short-term borrowing
"Accounts payable and accrued liabilities (including $5,896 in consolidated VIEs)",Current liabilities
"Short-term borrowings (includes $4,416,781 at fair value and $4,027,900 of",Short-term borrowing
"Accounts payable and accrued liabilities (including $5,839 in consolidated VIEs)",Current liabilities
"Short-term borrowings (includes $3,905,064 at fair value and $3,065,745 of",Short-term borrowing
"Accounts payable and accrued liabilities (including $4,115 in consolidated VIEs)",Current liabilities
beneficial interests issued by consolidated VIEs),Other liabilities
Accrued liabilities and other payables,Accrued liabilities
Advances from Holdings and other affiliates,Other liabilities
Corporate debt and other,"Financial instruments sold,  but not yet purchased at fair value"
Derivatives and other contractual agreements,Other liabilities
Governments and agencies,"Financial instruments sold,  but not yet purchased at fair value"
Senior notes,Other equity
Short-term debt,Short-term borrowing
Securities and other financial instruments sold but not yet purchased,"Financial instruments sold,  but not yet purchased at fair value"
Other secured borrowings,Collateralized borrowing agreements
Securities and other inventory positions sold but not yet purchased,"Financial instruments sold,  but not yet purchased at fair value"
Short-term financings,Short-term borrowing
Financial instruments and other inventory positions sold but not yet purchased,"Financial instruments sold,  but not yet purchased at fair value"
Accumulated other comprehensive income (net of tax),Other equity
Financial instruments sold but not yet purchased,"Financial instruments sold,  but not yet purchased at fair value"
"Preferred stock, $0.10 par value; 10,000 shares authorized; none outstanding","Common stock, par value"
Short-term borrowings and current portion of long-term borrowings,Short-term borrowing
Accumulated changes in equity from nonowner sources,Other equity
Contractual commitments,Other liabilities
Corporate debt securities,"Financial instruments sold,  but not yet purchased at fair value"
Non-U.S. government and government agency securities,"Financial instruments sold,  but not yet purchased at fair value"
Notes payable to SSBH,Accounts payable
Other financial instruments,"Financial instruments sold,  but not yet purchased at fair value"
U.S. government and government agency securities,"Financial instruments sold,  but not yet purchased at fair value"
"authorized, issued and outstanding)","Common stock, par value"
Subordinated indebtedness to SSBH,Subordinated liabilities
Notes payable to CGMHI,Accounts payable
Subordinated indebtedness to CGMHI,Subordinated liabilities
Foreign government securities,"Financial instruments sold,  but not yet purchased at fair value"
"Securities sold under agreements to repurchase (including $140,683 at fair value)",Collateralized borrowing agreements
Payables and accrued liabilities:,Accrued liabilities
"Securities sold under agreements to repurchase (including $108,346 at fair value)",Collateralized borrowing agreements
Derivatives,"Financial instruments sold,  but not yet purchased at fair value"
Note payable,Accounts payable
Other debt securities,"Financial instruments sold,  but not yet purchased at fair value"
"Securities sold under agreements to repurchase (including $71,901 at fair value)",Collateralized borrowing agreements
Trading account liabilities:,"Financial instruments sold,  but not yet purchased at fair value"
"Securities sold under agreements to repurchase (including $82,775 at fair value)",Collateralized borrowing agreements
"Securities sold under agreements to repurchase (including $70,440 at fair value)",Collateralized borrowing agreements
"$61,938 at fair value)",Other liabilities
"Commitments, contingencies and guarantees: Subordinated indebtedness",Subordinated liabilities
"Common stock ($10,000 par value, 1,000 shares authorized, issued and outstanding)","Common stock, par value"
"Obligations to return securities received as collateral, at fair value",Obligation to return secunties received as collateral
"Securities loaned or sold under agreements to repurchase (including $13,083 at fair value)",Collateralized borrowing agreements
U.S. Treasury and federal agency securities,"Financial instruments sold,  but not yet purchased at fair value"
Long-term debt (including $137 at fair value),Long-term borrowing
Other (including $447 at fair value),Other liabilities
"Securities loaned or sold under agreements to repurchase (including $2,562 at fair value)",Collateralized borrowing agreements
"Securities loaned or sold under agreements to repurchase (including $8,793 at fair value)",Collateralized borrowing agreements
"Securities loaned or sold under agreements to repurchase (including $10,611 at fair value)",Collateralized borrowing agreements
"Securities loaned or sold under agreements to repurchase (including $8,810 at fair value)",Collateralized borrowing agreements
"Securities loaned and sold under agreements to repurchase (including $6,521 at fair value)",Collateralized borrowing agreements
"Securities loaned and sold under agreements to repurchase (including $5,207 at fair value)",Collateralized borrowing agreements
Accrued trading payables,Accrued liabilities
Bond interest payable,Accounts payable
Guaranteed payments to partner,Other equity
Payable to clearing brokers,Payable to broker-dealers
Guaranteed payments to partners,Other equity
Guaranteed payments to member,Other equity
MEMBERS' CAPITAL,Total shareholder's equity
MEMBERS CAPITAL,Total shareholder's equity
Securities sold under agreement to repurchase with an affiliate,Collateralized borrowing agreements
Securities sold under agreements to repurchase with an affiliate,Collateralized borrowing agreements
Securities loaned to an affiliate,Payable to parent and affiliates
Interest,Other equity
"Financial instruments sold, but not yet purchased, at fair value:","Financial instruments sold,  but not yet purchased at fair value"
