#ID_RSSD,CIK,NM_LGL
1046975,748467,"CITICORP SECURITIES SERVICES, INC."
1032389,853784,HSBC SECURITIES (USA) INC.
1034721,278331,RIDGE CLEARING & OUTSOURCING SOLUTIONS INC.
1026641,87634,"CHARLES SCHWAB & CO., INC."
1070635,738602,"RED CAPITAL MARKETS, LLC"
1088078,310695,"NORTHERN TRUST SECURITIES, INC."
1146316,851376,BARCLAYS CAPITAL INC.
1147340,783344,"COMMERCE BROKERAGE SERVICES, INC."
1148637,776021,"SYNOVUS SECURITIES, INC."
1153314,780789,"UMB FINANCIAL SERVICES, INC."
1155420,782124,J.P. MORGAN SECURITIES LLC
1155952,785701,"FROST BROKERAGE SERVICES, INC."
1380240,785069,"BNY MELLON CAPITAL MARKETS, LLC"
1386103,786397,"TRUIST INVESTMENT SERVICES, INC."
1459100,1551017,TD PRIVATE CLIENT WEALTH LLC
1465978,786671,"BOK FINANCIAL SECURITIES, INC."
1440528,42352,GOLDMAN SACHS & CO. LLC
1440546,107921,MORGAN STANLEY DW INC.
1440715,74654,CIBC WORLD MARKETS CORP.
1422841,36797,"FIRST OPTIONS OF CHICAGO, INC."
1599109,895502,"RBC CAPITAL MARKETS, LLC"
1599239,68110,"MORGAN KEEGAN & COMPANY, LLC"
1599378,94074,STEPHENS INC.
1599408,1060915,"WESTCAP SECURITIES, INC."
1573239,68136,MORGAN STANLEY & CO. LLC
1607237,26617,DAIWA CAPITAL MARKETS AMERICA INC.
1647345,33738,CREDIT AGRICOLE SECURITIES (USA) INC.
1622043,724743,"RAYMOND JAMES & ASSOCIATES, INC."
1661480,786393,"U.S. BANCORP INVESTMENTS, INC."
1568842,29648,PERSHING LLC
1630365,822378,"J.P. MORGAN ALTERNATIVE ASSET MANAGEMENT, INC."
1851106,808379,NATWEST MARKETS SECURITIES INC.
1833577,812291,MIZUHO SECURITIES USA LLC
1900666,58056,DEUTSCHE BANK SECURITIES INC.
1839588,803012,TD SECURITIES (USA) LLC
1839841,64241,SCOTIA CAPITAL (USA) INC.
1908448,20502,"ASSOCIATED INVESTMENT SERVICES, INC."
1842645,719538,"PEOPLE'S SECURITIES, INC."
1896479,784089,"BESSEMER INVESTOR SERVICES, INC."
1917673,846655,"PFM, INC."
1989317,879857,"BANKOH INVESTMENT SERVICES, INC."
2017226,783343,FIDELITY INVESTMENTS INSTITUTIONAL SERVICES
1990005,200565,UBS FINANCIAL SERVICES INC.
1967986,881500,"BRENTON INVESTMENTS, INC."
2046020,200403,JEFFERIES LLC
2025904,867626,MUFG SECURITIES AMERICAS INC.
2000497,826606,"DIRECTED SERVICES, INC."
2121187,277841,"TD AMERITRADE, INC."
2072962,883923,COUNTRY CLUB FINANCIAL SERVICES
2170822,875890,"SMBC NIKKO SECURITIES AMERICA, INC."
2172086,1051487,"FIRST CITIZENS INVESTOR SERVICES, INC."
2206301,920789,"RBC CENTURA SECURITIES, INC."
2303956,931371,SANTANDER INVESTMENT SECURITIES INC.
2211499,873360,"ACCI SECURITIES, INC."
2226251,703850,"MORGAN LEWIS GITHENS & AHN, INC."
2355562,1002603,"CITIZENS SECURITIES, INC."
2311326,753835,BNP PARIBAS SECURITIES CORP.
2231947,922070,ALERUS SECURITIES CORPORATION
2243221,277871,BNY MELLON SECURITIES CORPORATION
2386753,65073,ICAP CORPORATES LLC
2293888,891055,HILLTOP SECURITIES INC.
2391579,933055,"CAL FP (US), INC."
2502722,869728,MAYBANK KIM ENG SECURITIES USA INC.
2379326,28471,DEVELOPMENT CORPORATION FOR ISRAEL
2397601,791540,"NBC SECURITIES, INC."
2381329,876691,CAISSE DES DEPOTS SECURITIES INC
2381422,820819,COMMONWEALTH ASSOCIATES
2381909,78804,MACALLASTER PITFIELD MACKAY INC.
2485562,702078,"IFC HOLDINGS, INC."
2485768,766909,"INVESTMENT CENTERS OF AMERICA, INC."
2383145,891055,SWS SECURITIES
2487285,1036129,INSTINET CORPORATION
2462910,945039,"HANDELSBANKEN MARKETS SECURITIES, INC."
2384647,724391,KEYBANC CAPITAL MARKETS INC.
2384713,73956,"FIFTH THIRD SECURITIES, INC."
2384991,877559,ING FINANCIAL MARKETS LLC
2385541,748704,MUTUAL OF AMERICA LIFE INSURANCE COMPANY
2443106,311713,CANTELLA & COMPANY INCORPORATED
2385840,225412,OSCAR GRUSS & SON INCORPORATED
2491349,36793,"TD AMERITRADE CLEARING, INC."
2464558,1301207,BANCO DO BRASIL SECURITIES LLC
2563563,926388,"ANZ SECURITIES, INC."
2527677,1647978,"CITIZENS CAPITAL MARKETS, INC."
2616786,932690,"DWS DISTRIBUTORS, INC."
2592844,865838,BBVA SECURITIES INC.
2567226,76964,"AMERICAN TRUST INVESTMENT SERVICES, INC."
2624204,1039235,"WESBANCO SECURITIES, INC."
2653099,33246,"TRUIST SECURITIES, INC."
2630577,1023990,COMMERZ MARKETS LLC
2685483,107239,TD WEALTH MANAGEMENT SERVICES INC
2754521,91154,CITIGROUP GLOBAL MARKETS INC.
2754727,354497,PFS INVESTMENTS INC.
2759227,99436,"TOWER SQUARE SECURITIES, INC."
2761565,1038032,"J.P. TURNER & COMPANY, L.L.C."
2718484,917380,CONVERGEX EXECUTION SOLUTIONS LLC
2696809,312325,"CREDIT AGRICOLE CHEUVREUX NORTH AMERICA, INC."
2794714,35606,"GIRARD INVESTMENT SERVICES, LLC"
2698456,1014785,"MAM SECURITIES, LLC"
2768069,810882,INTESA SANPAOLO IMI SECURITIES CORP.
2768359,1015707,B-TRADE SERVICES LLC
2746795,883499,ORIENTAL FINANCIAL SERVICES LLC
2771591,880736,"N. B. & T. SECURITIES CORP., II"
2837545,885750,"STATE STREET GLOBAL ADVISORS FUNDS DISTRIBUTORS, LLC"
2777249,1073299,FHN FINANCIAL SECURITIES CORP
2777632,1060914,"CHITTENDEN SECURITIES, LLC"
2909291,1048281,"CAPITAL ONE SECURITIES, INC."
2931377,1090474,SAFRA SECURITIES LLC
2932002,1105968,CREDIT SUISSE CAPITAL LLC
2832438,1099485,J.P. MORGAN INSTITUTIONAL INVESTMENTS INC.
2843005,1059369,"FIRST GRAHAM SECURITIES, INC."
2913186,812539,"HAVERFORD TRUST SECURITIES, INC"
2868080,93937,"MILLER JOHNSON & KUEHN, INC."
2937744,84940,ROOSEVELT EQUITY CORPORATION
2917326,1060033,NATEXIS SECURITIES
2917670,44010,"M. GRIFFITH, INC."
2961749,877810,"GULFSTAR GROUP I, LTD"
2918109,203542,CITISTREET EQUITIES LLC
2918190,28601,CITISTREET ADVISORS LLC
2918828,1077349,KBC SECURITIES USA LLC
2942784,1117233,SIGNATURE SECURITIES GROUP CORPORATION
2897585,1102926,"CITY NATIONAL SECURITIES, INC."
2878454,879018,E*TRADE SECURITIES
2922834,1098157,REDIBOOK ECN LLC
2879796,1117248,"JPMORGAN DISTRIBUTION SERVICES, INC."
2923925,1083675,DZ FINANCIAL MARKETS LLC
2853974,1022465,UBS FUND SERVICES (USA) LLC
2854476,1074463,"COMMUNITY INVESTMENT SERVICES, INC."
2984252,314871,"AUTRANET, LLC"
3027941,1111181,"IPO.COM SECURITIES, INC."
3005257,1128122,LEUMI INVESTMENT SERVICES INC.
3005510,926544,PERSHING ADVISOR SOLUTIONS LLC
2974628,67037,UBS ASSET MANAGEMENT (US) INC.
3028715,858783,"UMB DISTRIBUTION SERVICES, LLC"
3029833,719195,PEGASUS CAPITAL CORPORATION
3029851,852412,"FRIEDMAN, BILLINGS, RAMSEY & CO., INC."
3029879,1040917,"FBR INVESTMENT SERVICES, INC."
3008995,1128236,IDB CAPITAL CORP.
3032477,22382,COMMERCE SECURITIES CORPORATION
3010055,1123462,"CLARITY SECURITIES, INC."
3102950,1146119,"FIRST NATIONAL CAPITAL MARKETS, INC."
3051731,770356,"FIRST STATE FINANCIAL MANAGEMENT, INC"
3039328,1146358,EQUILEND LLC
3054228,737259,TCW FUNDS DISTRIBUTORS
3146468,1077686,"COLDSTREAM SECURITIES, INC."
3055908,25867,"CROWELL, WEEDON & CO."
3088399,895112,"GATEWAY INVESTMENT SERVICES, INC."
3089819,1139917,TRADINGSCREEN INC.
3057827,871375,"WYSER-PRATTE & COMPANY, INC."
3058132,355415,BIDWELL & COMPANY
3058150,63414,MAY FINANCIAL CORPORATION
3119350,205978,"BROWN DIRECT, INC."
3132582,933078,ASSETMARK CAPITAL CORPORATION
3094783,1142175,DANSKE MARKETS INC.
3132612,835587,NATIONAL BANK OF CANADA FINANCIAL INC.
3171291,900903,SHINHAN INVESTMENT AMERICA INC.
3172524,791138,"GLEN RAUCH SECURITIES, INC."
3023859,1121895,NBGI SECURITIES INC.
3162945,742218,FORTIS SECURITIES INC.
3162972,1145732,SKY CAPITAL LLC
3064405,1146222,"AMERANT INVESTMENTS, INC."
3178843,1178863,"CREDICORP CAPITAL SECURITIES, INC."
3025273,1121185,"E.S. FINANCIAL SERVICES, INC."
3140484,858666,"PENSON FINANCIAL SERVICES, INC"
3165955,754649,"WALNUT STREET SECURITIES, INC."
3066324,946633,"KEMPEN & CO U.S.A., INC."
3027204,822747,PATAGON.COM SECURITIES CORP.
3183294,1182014,"RABO SECURITIES USA, INC."
3169449,934682,"FREEDOM INVESTMENTS, INC."
3204407,276523,"WELLS FARGO SECURITIES, LLC"
3269518,928873,DUFF & PHELPS SECURITIES LLC
3269554,1021476,"EXANE, INC."
3146093,773388,"FINTEGRA, LLC"
3206401,772028,BMO CAPITAL MARKETS CORP.
3243910,1121251,GRAMERCY FINANCIAL SERVICES LLC
3292945,856380,ALLIANZ GLOBAL INVESTORS DISTRIBUTORS LLC
3294181,69596,"ALLIANZ LIFE FINANCIAL SERVICES, LLC"
3249538,1177389,UFG (US) INC.
3276404,278145,CAPMARK SECURITIES INC.
3222139,880567,"BANCWEST INVESTMENT SERVICES, INC."
3213780,275505,"MARQUETTE INVESTMENT SERVICES, INC."
3223734,1266732,PNC INVESTMENTS LLC
3223949,55193,"INVESTORS BROKERAGE SERVICES, INC."
3255360,741591,ALPINE SECURITIES CORP
3224021,866069,PMG SECURITIES CORPORATION
3195121,789481,"WINTON ASSOCIATES, INC."
3255874,17872,CARR SECURITIES CORPORATION
3255968,20626,CITY SECURITIES CORPORATION
3256611,46392,"HAZLETT, BURT & WATSON, INC."
3256684,48809,"HOWE BARNES INVESTMENTS, INC."
3256714,216351,HUNTLEIGH SECURITIES CORPORATION
3256844,314774,"KOONCE SECURITIES, INC."
3257588,745401,"PRIMEVEST FINANCIAL SERVICES, INC."
3257663,90108,"RICHARDS, MERRILL & PETERSON, INC."
3257805,200724,"SMITH, MOORE & CO."
3257850,95850,SWENEY CARTWRIGHT & CO.
3257980,720750,WILLIAM R. HOUGH & CO.
3349483,1307977,"WELLS FARGO FUNDS DISTRIBUTOR, LLC"
3287156,45290,"SIGNATOR INVESTORS, INC."
3324903,890599,"WOORI INVESTMENT & SECURITIES AMERICA, INC."
3260711,814660,"PERELMAN-CARLEY & ASSOCIATES, INC."
3260720,843321,"RAFFERTY CAPITAL MARKETS, LLC"
3260748,42602,GORDON & CO.
3260757,1146205,LEGENT CLEARING CORP
3260784,922113,GEORGE K. BAUM & COMPANY
3260805,10074,"BARR BROTHERS & CO., INC."
3260832,27135,DAVENPORT & COMPANY LLC
3260953,351591,"KELLNER, DILEO & CO."
3261071,872113,TULLETT LIBERTY SECURITIES INC
3261156,78017,PFLUEGER & BAERWALD INC.
3261165,107476,"WILSON-DAVIS & CO., INC."
3261240,949584,"ADVANTAGE TRADING GROUP, INC."
3261727,872796,TRADITION ASIEL SECURITIES INC
3262050,1169782,"TRIANGLE CAPITAL PARTNERS, LLC"
3230554,201310,"BROWNCO, LLC"
3262292,104021,"WACHTEL & CO., INC."
3315031,1304848,CITIGROUP DERIVATIVES MARKETS INC.
3263002,1103218,BONDDESK TRADING LLC
3263075,830530,J.A. GLYNN & CO.
3263105,70517,NATIONAL SECURITIES CORPORATION
3263123,772040,FORTIS CLEARING AMERICAS LLC
3263150,1073300,ONLINE SECURITIES INC
3263329,850150,USAA INVESTMENT SERVICES COMPANY
3357693,1320305,LAZARD CAPITAL MARKETS
3266768,1261467,"SG AMERICAS SECURITIES, LLC"
3266777,48966,"COWEN AND COMPANY, LLC"
3373563,88535,METLIFE INVESTORS DISTRIBUTION COMPANY
3268324,1225152,UOB GLOBAL EQUITY SALES LLC
3234712,278307,"JAMES BAKER & ASSOCIATES, A LIMITED PARTNERSHIP"
3379800,1332031,COMMONWEALTH AUSTRALIA SECURITIES LLC
3237133,1021478,SANTANDER SECURITIES LLC
3403200,1337819,"BMO HARRIS FINANCIAL ADVISORS, INC."
3240384,1245233,"DNB MARKETS, INC."
3387841,753864,WESTON SECURITIES CORPORATION
3499173,1058997,IAM CAPITAL CORPORATION
3487899,1303470,BOC INTERNATIONAL (USA) INC.
3547300,1021702,"LOOMIS SAYLES DISTRIBUTORS, L.P."
3547382,45726,HARRIS ASSOCIATES SECURITIES L.P.
3547391,910815,"NATIXIS DISTRIBUTION, L.P."
3547784,1345766,"NY CREDIT SECURITIES, LLC"
3548727,318181,PLANMEMBER SECURITIES CORPORATION
3549676,743231,"FIRST BANKERS' BANC SECURITIES, INC."
3597190,1344690,GRV SECURITIES LLC
3537794,935810,FANO & CO. JPM LLC
3598692,1009953,"GUGGENHEIM SECURITIES, LLC"
3622038,880014,ITG INC.
3559004,1146363,WAMU CAPITAL CORP.
3605657,825904,BGC FINANCIAL INC
3664104,1110644,"LIQUIDNET, INC."
3716777,909858,MAPLE SECURITIES U.S.A. INC.
3729142,790852,"ENSEMBLE FINANCIAL SERVICES, INC."
3819744,1383160,TRIPLE A PARTNERS LLC
3882485,33350,"EQUITY SERVICES, INC."
3697652,1012061,BLOOMBERG TRADEBOOK LLC
3915897,1127273,"FIRST REPUBLIC SECURITIES COMPANY, LLC"
3861257,1120007,ICICI SECURITIES INC.
3941430,1019122,CIT CAPITAL SECURITIES LLC
3931486,740938,COVENTRY CAPITAL
3966639,1019122,CIT CAPITAL SECURITIES LLC
4001470,932517,"MERCER ALLIED COMPANY, L.P."
3904613,944061,"SEAPOWER CARPENTER CAPITAL, INC."
3958241,887748,"FSB PREMIER WEALTH MANAGEMENT, INC."
3974764,886116,"MORGAN STANLEY DISTRIBUTION, INC."
4027274,1444934,"EXECUTION ACCESS, LLC"
4028721,1144126,"HARRIS WILLIAMS & CO., LTD."
4028758,1442140,"SABADELL SECURITIES USA, INC."
4059677,49303,"HUNTINGTON SECURITIES, INC."
3984839,1085407,"GOLDMAN SACHS FINANCIAL MARKETS, L.P."
4117090,841664,SAL. OPPENHEIM JR. & CIE. AG & CO. KOMMANDITGESELLSCHAFT AUF AKTIEN
3818091,1423882,GSP SECURITIES LLC
4040086,1354168,"BANCO VOTORANTIM SECURITIES, INC"
4130334,1471050,CREDIT SUISSE PRIME SECURITIES SERVICES (USA) LLC
4024385,920300,PRIME DEALER SERVICES CORP.
4048886,7470,NATIXIS SECURITIES AMERICAS LLC
4210254,1407522,ITAU INTERNATIONAL SECURITIES INC.
4158365,1465857,AMHERST PIERPONT SECURITIES LLC
4211671,1172098,HBK GLOBAL SECURITIES L.P.
4212164,1072332,THOMAS WEISEL PARTNERS LLC
4192323,1449091,"METROPOLITAN CAPITAL INVESTMENT BANC, INC"
4236731,46624,MF GLOBAL INC.
4165813,1289018,INDUSTRIAL AND COMMERCIAL BANK OF CHINA FINANCIAL SERVICES LLC
4300315,879018,E*TRADE SECURITIES LLC
4300418,1066306,"CAPITAL ONE INVESTING, LLC"
4244370,39059,TD PRIME SERVICES LLC
4251480,1496217,LLOYDS SECURITIES INC.
4284853,788704,MOMENTUM INDEPENDENT NETWORK INC.
4314134,1353057,"CARILLON FUND DISTRIBUTORS, INC."
4314349,882928,"TIAA-CREF INDIVIDUAL & INSTITUTIONAL SERVICES, LLC"
4289942,49709,"AMERIPRISE FINANCIAL SERVICES, LLC"
4291815,1347882,"RIVERSOURCE DISTRIBUTORS, INC."
4314880,52021,"RAYMOND JAMES FINANCIAL SERVICES, INC."
4315001,858523,RAYMOND JAMES (USA) LTD.
4292821,351106,"COLUMBIA MANAGEMENT INVESTMENT DISTRIBUTORS, INC."
4258827,1675367,"CITI PRIVATE ADVISORY, LLC"
4315065,1174927,"RAYMOND JAMES INSURANCE GROUP, INC."
4439493,1533318,REGIONS SECURITIES LLC
4481429,1535506,CCB INTERNATIONAL OVERSEAS (USA) INC.
4379928,875626,FIRST TRUST PORTFOLIOS L.P.
4420008,1553017,WESTPAC CAPITAL MARKETS LLC
4389271,318492,"EURO PACIFIC CAPITAL, INC"
4327086,798926,SURETY FINANCIAL SERVICES
4504627,1558345,"CLSA AMERICAS, LLC"
4433567,1304706,"WELLS FARGO PRIME SERVICES, LLC"
4396662,1072618,WASHINGTON SECURITIES CORPORATION
4476957,1116109,"MILLER BUCKFIRE & CO., LLC"
4517793,1567955,"CHXBD, LLC"
4585420,1469010,"FBV CAPITAL ADVISORS, INC."
4542393,1378145,VISION FINANCIAL MARKETS LLC
4550316,1522643,"CITIC SECURITIES INTERNATIONAL USA, LLC"
4554417,1356240,AIG SECURITIES LENDING CORP.
4557799,1350516,SYMPHONIC SECURITIES LLC
4558031,1343506,EBX LLC
4731236,866815,"SANDALWOOD SECURITIES, INC."
4716466,902913,FAR HILLS GROUP LLC
4675330,71110,NEUBERGER BERMAN BD LLC
4719869,1551018,HEDGEMARK SECURITIES LLC
4352583,50481,"INGALLS & SNYDER, LLC"
4720810,1611924,CHARTWELL TSC SECURITIES CORP
4743417,1276832,"CAPITAL DYNAMICS, INC."
4743565,1449651,MILLBURN RIDGEFIELD CORPORATION
4792022,890027,"PARK FINANCIAL GROUP, INC."
4748524,1057665,"CHARTER NEW ENGLAND AGENCY, INC"
4725477,1577928,"BCI SECURITIES, INC."
4758318,1389454,SOLEBURY CAPITAL LLC
4903024,1284170,PALAFOX TRADING LLC
4948865,915764,"EATON PARTNERS, LLC"
4909174,1493868,BLACKARCH SECURITIES LLC
4952947,1146205,AXOS CLEARING LLC
4775137,73387,"NUVEEN SECURITIES, LLC"
5048146,1415798,E*TRADE FUTURES LLC
5144543,708612,UBS FINANCIAL SERVICES INCORPORATED OF PUERTO RICO
5145942,850256,"AMUNDI DISTRIBUTOR US, INC."
5147179,1210783,"CENTRAL FIXED INCOME SERVICES, LLC"
5054101,1688905,"STATE STREET GLOBAL MARKETS, LLC"
5057474,917358,ICBC STANDARD SECURITIES INC.
5202162,1265074,"GENESIS CAPITAL, LLC"
5111385,100314,"TWEEDY, BROWNE COMPANY LLC"
5112588,1675365,"BOFA SECURITIES, INC."
5213252,278331,APEX CLEARING CORPORATION
5214156,1440162,"AUTOMATED EQUITY FINANCE MARKETS, INC."
5278644,1001382,KBFG SECURITIES AMERICA INC.
5078554,1657974,J.P. MORGAN PRIME INC.
5284131,1144126,HARRIS WILLIAMS & CO. CORPORATE FINANCE ADVISORS GMBH
5191819,1668087,"CRB SECURITIES, LLC"
5137684,1558805,HGI (USA) INVESTMENTS LLC
5343690,949896,SVB LEERINK LLC
5391721,1440163,SOLIUM FINANCIAL SERVICES LLC
5142026,1549519,"OCEAN FINANCIAL SERVICES, LLC"
5393903,1637543,"PNFP CAPITAL MARKETS, INC."
5398346,1748036,"SMBC NIKKO SECURITIES CANADA, LTD."
5312128,1296050,"CHARLES RIVER BROKERAGE, LLC"
5449529,1468061,MAINFIRST SECURITIES US INC.
5401424,1238958,MOORELAND PARTNERS LLC
5410172,819592,SANDERS MORRIS HARRIS LLC
5375374,1430112,"EAST WEST MARKETS, LLC"
5332948,1722517,SIMON MARKETS LLC
5420500,1449651,MILLBURN RIDGEFIELD CORPORATION
5334027,744360,"FIRST EMPIRE SECURITIES, INC."
5421990,1421505,SIXPOINT PARTNERS LLC
5335314,1498307,INTREPID INVESTMENT BANKERS LLC
5493719,1729875,NORDEA SECURITIES LLC
5428935,1067122,KIPPSDESANTO & COMPANY
5477081,1767248,MIZUHO SECURITIES CANADA INC.
5510670,1580959,"CLEARPOOL EXECUTION SERVICES, LLC"
5588307,50825,H2C SECURITIES INC
5589005,935544,"EATON VANCE DISTRIBUTORS, INC."
5515031,1086853,BROKERTEC AMERICAS LLC
5595556,1571558,"FINANCO SECURITIES, LLC"
5555439,811093,BAC FLORIDA INVESTMENTS CORP.
5015317,870866,"PJ SOLOMON SECURITIES, LLC"
5023620,1330763,ALLY INVEST SECURITIES LLC
230384,806710,CONSOLIDATED FINANCIAL
180238,759545,CITICORP FINANCIAL SERVICES CORPORATION
182577,1133485,HARPETH S&LA
401465,1146222,COMMERCEBANK
496470,832692,STONEWALL S&LA OF LINDEN NJ
769370,1020987,FIRST SECURITY FINANCIAL
1032361,41310,HSBC BROKERAGE (USA) INC.
1022166,705595,FIRST HERITAGE CORPORATION
1039182,806135,J.P. MORGAN SECURITIES INC.
1026614,842369,"BANC OF AMERICA FINANCE SERVICES, INC."
1045914,1025943,"CGI CAPITAL, INC."
1078547,780423,"BBVA COMPASS INVESTMENT SOLUTIONS, INC."
1078668,752597,"AMSOUTH INVESTMENT SERVICES, INC."
1101436,275109,INTERFIRST CAPITAL CORPORATION
1140828,748358,LAWSON FINANCIAL CORPORATION
1146464,714352,WESTMINSTER RESEARCH ASSOCIATES LLC
1149344,783945,FIRST CLEARING CORPORATION
1152344,779076,BANC ONE SECURITIES CORPORATION
1152997,752077,"PNC CAPITAL MARKETS, INC."
1154599,790482,"ZIONS DIRECT, INC."
1249132,17140,"CAPITAL DIRECTIONS, INC."
1194429,806038,"FNB BROKERAGE SERVICES, INC."
1195275,765521,"BANC OF AMERICA INVESTMENT SERVICES, INC."
1256822,17225,CAPITAL INVESTMENTS INC
1306183,727064,REPUBLIC SECURITIES & INVESTMENT TRUST
1260502,823140,"AMERICAN INVESTMENT SERVICES, INC."
1336733,319562,"FINANCIAL PLANNING CONSULTANTS, INC."
1370456,837922,"BANC ONE CAPITAL MARKETS, INC."
1311981,856644,FUND MANAGEMENT COMPANY
1423389,819097,"LASALLE FINANCIAL SERVICES, INC."
1380455,73956,"FIFTH THIRD SECURITIES, INC."
1380156,894381,HUNTINGTON CAPITAL CORP.
1383036,61008,"LYNCH, JONES & RYAN"
1352014,278307,JAMES BAKER & COMPANY
1385432,785823,"NATCITY INVESTMENTS, INC."
1385759,784947,ALLFIRST BROKERAGE CORPORATION
1440564,815846,MERRILL LYNCH GOVERNMENT SECURITIES INC.
1389207,786393,"U.S. BANCORP INVESTMENTS, INC."
1441329,856522,CHASE INVESTMENT SERVICES CORP.
1390155,1338177,WASHINGTON ANALYSIS CORPORATION
1362705,785610,"SOUTHTRUST SECURITIES, LLC"
1482313,837922,"BANC ONE CAPITAL MARKETS, INC."
1448216,772028,HARRIS NESBITT CORP.
1462089,318336,CREDIT SUISSE FIRST BOSTON CORPORATION
1575185,85914,PORTIGON SECURITIES INC.
1468876,805043,"FIRST CITIZENS FINANCIAL PLUS, INC."
1609651,746704,DG EUROPEAN SECURITIES CORPORATION
1582950,9120,JULIUS BAER SECURITIES INC.
1516964,95896,SWISS AMERICAN SECURITIES INC.
1650185,755925,BNY CLEARING SERVICES LLC
1659405,61008,"LYNCH, JONES & RYAN, INC."
1662991,845791,CITICORP INVESTMENT SERVICES
1663569,29617,RBC CAPITAL MARKETS CORPORATION
1664810,840396,NEWEDGE FINANCIAL INC.
1823907,860220,BANC OF AMERICA SECURITIES LLC
1670240,857484,CAPITAL ONE INVESTMENT SERVICES LLC
1825572,796559,BNY ASSOCIATES INCORPORATED
1758858,48966,SG COWEN SECURITIES CORPORATION
1902062,858574,FIRST NATIONAL INVESTMENTS
1835405,920298,"NEWEDGE USA, LLC"
1932247,883387,"TRUSTMARK SECURITIES, INC."
1966550,1045960,CORNERSTONE VENTURES
1893562,318790,"CAPITAL FINANCIAL SERVICES, INC."
1979484,741525,WILMINGTON BROKERAGE SERVICES COMPANY
1968415,1093916,MULTIPLE FINANCIAL SERVICES
1983548,890427,"FIDELITY NATIONAL CAPITAL INVESTORS, INC."
2006501,801330,"HELLER CAPITAL MARKETS GROUP, INC."
1948239,754542,ABN AMRO INCORPORATED
2009771,716814,UST SECURITIES CORP.
1977631,777947,"BROADWAY BROKERAGE SERVICES, INC"
1988347,20502,"ASSOCIATED INVESTMENT SERVICES, INC."
2019752,891052,"MIDWEST FINANCIAL AND INVESTMENT SERVICES, INC."
2222338,1074463,"COMMUNITY INVESTMENT SERVICES, INC."
2187222,900875,"DELTA DIVIDEND GROUP, INC."
2250519,33246,"SUNTRUST CAPITAL MARKETS, INC."
2136109,868436,"FIRST BUSEY SECURITIES, INC."
2178592,898913,"ONB INVESTMENT SERVICES, INC."
2181051,867626,"MITSUBISHI SECURITIES (USA), INC."
2156246,352018,"MUFG AMERICAS CORPORATE ADVISORY, INC."
2330046,835443,COMERICA CAPITAL MARKETS CORPORATION
2208471,69440,MUTUAL SERVICE CORPORATION
2261485,927341,UST FINANCIAL SERVICES CORP.
2333805,890530,UNION FINANCIAL CORP.
2291811,886078,"BNP PARIBAS BROKERAGE SERVICES, INC."
2386762,824362,KOKUSAI AMERICA INCORPORATED
2293981,898913,"ONB INVESTMENT SERVICES, INC."
2295127,948037,"BLACKROCK INVESTMENTS, LLC"
2407676,1071392,"BACAP DISTRIBUTORS, LLC"
2408440,36851,"LEGG MASON WOOD WALKER, INCORPORATED"
2408374,716814,UST SECURITIES CORP
2378338,7470,NATIXIS BLEICHROEDER INC.
2381431,917379,DBS VICKERS SECURITIES (USA) INC.
2381815,890203,DAEWOO SECURITIES (AMERICA) INC.
2455716,1001991,NATIONAL INVESTOR SERVICES CORP.
2441670,874362,J.P. MORGAN CLEARING CORP.
2559575,914859,PFIC SECURITIES CORPORATION
2560982,1018442,"GREATER COMMUNITY FINANCIAL, L.L.C."
2481836,500734,"SUMMIT EQUITIES, INC."
2506850,1027590,"GA FINANCIAL, INC."
2531861,55603,"GLOBAL ALTERNATIVE INVESTMENT SERVICES, INC."
2459004,1127609,COUTTS SECURITIES INC.
2591472,1018264,BNY TRADING LLC
2536558,913892,"TCF INVESTMENTS, INC."
2595078,859338,CORRESPONDENT SERVICES CORPORATION
2548654,1002197,BLACKROCK EXECUTION SERVICES
2520968,22382,COMMERCE SECURITIES CORPORATION
2551748,857605,NBC INTERNATIONAL (USA) LTD.
2600301,928580,"MELLON HR SECURITIES, INC."
2500278,1017509,"ROBERTSON STEPHENS, INC."
2700171,317450,"QUICK & REILLY, INC."
2677170,1032190,CIBC TRADING (DELAWARE CORP.)
2727468,57106,"SOMERSET SECURITIES, INC."
2648880,842798,COLUMBIA FINANCIAL CENTER INCORPORATED
2649113,1115904,"SUPERIOR FINANCIAL SERVICES, INC."
2687870,1044203,"TSB SECURITIES, INC."
2710983,51731,"WACHOVIA SECURITIES, INC."
2652841,1041761,INTRUST BROKERAGE INC.
2754736,810340,"PFS DISTRIBUTORS, INC."
2638890,1012475,"DORAL SECURITIES, INC."
2736246,1052943,"BNP PARIBAS INVESTMENT SERVICES, LLC"
2693732,811984,GREAT SOUTHERN CAPITAL MANAGEMENT INC
2721309,1053728,FOUNDERS ASSET MANAGEMENT LLC
2760148,1123410,NEPTUNE LLC
2665092,858574,FIRST NATIONAL INVESTMENTS INC
2745396,1065063,"PENN SECURITIES, INC."
2762674,715866,"CHARTER ONE SECURITIES, INC."
2787882,1079505,SVB SECURITIES
2834629,890599,"WOORI INVESTMENT & SECURITIES CO., LTD."
2811198,869136,"REDWOOD SECURITIES GROUP, INC."
2765022,1011084,CITIGROUP GLOBAL MARKETS PUERTO RICO INC.
2839240,1123376,FUJI FUTURES INC.
2795074,1083485,"FROST SECURITIES, INC."
2795748,1072766,"BANCORPSOUTH INVESTMENT SERVICES, INC"
2842129,1075925,"VISION INVESTMENT SERVICES, INC."
2842240,1076333,"TRUE NORTH FINANCIAL SERVICES, INC."
2844646,1088945,BNY INVESTMENT CENTER INC.
2908427,866989,"DIRIGO INVESTMENTS, INC."
2850898,1023797,"WELLS FARGO INSURANCE SERVICES INVESTMENT ADVISORS, INC."
2896300,1100532,"WHITNEY SECURITIES, L.L.C."
2931724,751937,"CREDIT SUISSE ASSET MANAGEMENT SECURITIES, INC."
2912406,1057019,UBS CLEARING SERVICES CORPORATION
2899785,206019,"VALLEY FORGE ASSET MANAGEMENT, LLC"
2855718,1251636,"INVESTMENT NETWORK, INC."
2934293,1137529,"POINTE CAPITAL, LLC"
2876692,786675,"CAPITAL ONE SECURITIES, LLC"
2901428,109917,TAMARACK DISTRIBUTORS INC.
2936082,1008567,IBC INVESTMENTS CORPORATION
2935834,1074843,"JEFFERIES PARTNERS OPPORTUNITY FUND, LLC"
2830096,882412,"CCBT BROKERAGE DIRECT, INC."
3003347,89813,"NDB CAPITAL MARKETS, L.P."
2940593,7470,NATEXIS BLEICHROEDER
2907167,1096940,"FIVE STAR INVESTMENT SERVICES, INC."
2941723,1063285,LIBERTYVIEW ALTERNATIVE ASSET MANAGEMENT INC.
2920782,1016691,"INTEGRITY SECURITIES, INC."
2942056,1109538,"BANC OF AMERICA SPECIALIST, INC."
2923000,63461,UBS CAPITAL MARKETS L.P.
2923242,1107562,"EPOCH SECURITIES, INC."
2923251,1088407,STC LLC
2923073,1052899,"CYBERTRADER, INC."
2961495,1136694,"COLONIAL BROKERAGE, INC."
2983367,276523,"WELLS FARGO SECURITIES, LLC"
3028582,910795,"ACORDIA SECURITIES, INC."
3010653,737470,ELLIOTT-LEDGERWOOD & COMPANY DBA SOUTH VALLEY WEALTH MANAGEMENT
2927624,1090104,"CREDITEX, INC."
2963976,1103394,"BUTLER, CHAPMAN & CO. LLC"
3030633,38724,"FRANKLIN/TEMPLETON DISTRIBUTORS, INC."
3011801,1128202,SINOPAC FINANCIAL SERVICES (USA) LTD.
3012134,711553,"WACHOVIA SECURITIES FINANCIAL NETWORK, INC"
2928902,1091509,KBC SECURITIES INC.
3032703,1146358,EQUILEND LLC
3033607,1108104,"COUNTRYWIDE INVESTMENT SERVICES, INC."
2949233,821578,"WELLS FARGO INVESTMENTS, LLC"
3033102,703004,COUNTRYWIDE SECURITIES CORPORATION
2949961,786464,"RAGEN MACKENZIE INVESTMENT SERVICES, LLC"
3045141,1104247,CORONADO ADVISORS LLC
3033812,718428,FRANKLIN TEMPLETON FINANCIAL SERVICES CORP.
2949989,1104979,"QUASAR DISTRIBUTORS, LLC"
2968618,1126369,CITIGROUP GENEVA CAPITAL STRATEGIES INC.
3015256,1125770,"FBT INVESTMENTS, INC."
3036082,39561,ABN AMRO SECURITIES LLC
2970152,724379,"J.C. BRADFORD & CO., LLC"
3015788,890203,DAEWOO SECURITIES
2971047,724379,J.C. BRADFORD & CO. INC. (USA)
2995799,1084327,BNY MELLON SECURITIES LLC
3048160,1108328,"STERLING CAPITAL DISTRIBUTORS, LLC"
3015993,31080,"WELLS FARGO INSTITUTIONAL SECURITIES, LLC"
3047976,1002987,"BLACKROCK DISTRIBUTORS, INC."
3047967,919478,"MGI FUNDS DISTRIBUTORS, LLC"
3070826,1061698,"SCHWAB ALTERITY, L.P."
3049103,1001713,"MELLON FUNDS DISTRIBUTOR, L.P."
3071766,829331,"DRESDNER KLEINWORT WASSERSTEIN, INC."
2973201,1073993,UBS SERVICES USA LLC
3072558,1137494,ABBEY NATIONAL SECURITIES INC.
3020661,846646,"DRESDNER KLEINWORT WASSERSTEIN - GRANTCHESTER, INC."
3075250,94247,"STERNE, AGEE & LEACH, INC."
3043334,719068,"H.D. VEST INVESTMENT SECURITIES, INC."
3098464,90170,SIFE
2976006,1104087,ABN AMRO ROTHSCHILD LLC
3146534,1175776,SVB ALLIANT
3054723,9681,BANKERS & INVESTORS CO.
3022366,1035473,KBC PEEL HUNT INCORPORATED
3146806,1045211,"WELLS FARGO INVESTMENT SERVICES, LLC"
3102361,1132743,"MERCANTILE SECURITIES, INC."
3077058,100096,TUCKER ANTHONY INCORPORATED
3056772,746562,PHILADELPHIA CORPORATION FOR INVESTMENT SERVICES
3077049,47497,HILL THOMPSON MAGID LP
3103975,1146345,RBS SECURITIES CORPORATION
3023822,850256,"PIONEER FUNDS DISTRIBUTOR, INC."
3123085,874174,DRESDNER LATEINAMERIKA FINANCIAL ADVISORS LLC
3103162,1116108,"COMMERCE CAPITAL INVESTMENTS, INC."
3124279,1020314,"SCUDDER FINANCIAL SERVICES, INC."
3125191,88052,"DEAM INVESTOR SERVICES, INC."
3125249,1146177,"TD WATERHOUSE CAPITAL MARKETS, INC."
3080731,1093442,"R.J. THOMPSON SECURITIES, INC."
3058927,1280339,"SIMMONS FIRST INVESTMENT GROUP, INC."
3127609,1398295,"NEXITY FINANCIAL SERVICES, INC."
3152058,1171217,"NCF FINANCIAL SERVICES, INC"
3130597,1146287,PMB SECURITIES CORP
3153251,1171509,RCM DISTRIBUTORS LLC
3155817,1175218,BMO NESBITT BURNS TRADING CORP. S.A.
3086788,889557,"BOFA DISTRIBUTORS, INC."
3178405,1211014,"PLAINSCAPITAL SECURITIES, LLC"
3111130,1175031,"AMEGY INVESTMENTS, INC."
3134269,922794,WESTERN SECURITIES CLEARING CORP.
3112052,314871,"AUTRANET, LLC"
3090280,1141349,R-G INVESTMENTS CORPORATION
3134175,909841,"FIRST ALLIED SECURITIES, INC."
3135033,835444,BNY DIRECT EXECUTION INC.
3069727,895112,"GATEWAY INVESTMENT SERVICES, INC."
3182774,1146294,"MACATAWA INVESTMENT SERVICES, INC."
3093973,1026392,HARRISDIRECT LLC
3115017,804981,DFC INVESTOR SERVICES
3159039,812287,CAL FED INVESTMENTS
3196829,1021958,INTERVEST SECURITIES CORPORATION
3095605,1419154,DEXIA SECURITIES USA LLC
3197741,1115904,"SUPERIOR FINANCIAL SERVICES, INC"
3159084,1118379,"EMAT SECURITIES, INC."
3115455,915330,"GREEN MANNING & BUNCH, LTD"
3116032,1146242,SILVERTON CAPITAL CORPORATION
3142497,1023797,"WELLS FARGO INSURANCE SERVICES INVESTMENT ADVISORS, INC."
3186866,77495,"MERCANTILE BROKERAGE SERVICES, INC."
3162888,1101180,FORTIS SECURITIES LLC
3144811,846411,"FIRST SECURITY INVESTMENTS, INC."
3119051,1142173,"HARBOR FUNDS DISTRIBUTORS, INC."
3200584,1130138,UBS INTERNATIONAL INC.
3200155,783945,"FIRST CLEARING, LLC"
3166082,88535,METLIFE INVESTORS DISTRIBUTION COMPANY
3243303,1218797,"UCB INVESTMENT SERVICES, INC."
3121492,1124016,"PCBB CAPITAL MARKETS, LLC"
3270185,933064,FOCUSED INVESTMENTS L.L.C.
3203446,823140,"AMERICAN INVESTMENT SERVICES, INC."
3293250,1012058,"USALLIANZ SECURITIES, INC."
3205011,1001367,"WEXFORD CLEARING SERVICES, LLC"
3293045,805542,OCC DISTRIBUTORS LLC
3252529,886247,"METROPOLITAN WEST SECURITIES, LLC"
3294529,895496,NICHOLAS-APPLEGATE SECURITIES LLC
3229893,1249568,"GRAND DISTRIBUTION SERVICES, LLC"
3210024,1187104,"POWELLJOHNSON, INC."
3231775,1131018,"PERSIMMON SECURITIES, INC."
3266151,909847,TGH SECURITIES
3217537,820015,"CORNERSTONE FINANCIAL SERVICES, INC."
3284128,1146200,"FITZMAURICE INVESTMENT MANAGEMENT SERVICES, LLC"
3238523,749650,SOUNDVIEW TECHNOLOGY CORPORATION
3334818,788099,"STATE STREET RESEARCH INVESTMENT SERVICES, INC."
3341076,1223793,"WINDSOR GROUP, LLC"
3315442,764189,RUAN SECURITIES CORPORATION
4864536,931369,CUTWATER ASSET MANAGEMENT CORP.
4874366,800183,"STERNE AGEE FINANCIAL SERVICES, INC."
3356847,1308605,ICP SECURITIES LLC
4024376,356630,MS SECURITIES SERVICES INC.
4025346,1078015,SLK-HULL DERIVATIVES LLC
4025298,1293170,"FIRST SAVINGS SECURITIES, INC."
3365960,1142694,PALMER & CAY SECURITIES CORPORATION
4028338,1044634,"USI SECURITIES, INC."
3366529,1327892,FIMAT PREFERRED LLC
4909110,1656187,"MUFG SECURITIES (CANADA), LTD."
3371970,1276834,"IRONSTONE SECURITIES, INC."
3372043,61008,"LYNCH, JONES & RYAN, INC."
3372267,1299984,"FIRST OAK BROOK CAPITAL MARKETS, INC"
3375594,1284846,"SANTANDER INTERNATIONAL SECURITIES, INC."
3378139,1240286,"EVOLVE SECURITIES, INC."
4984788,1321594,BEL AIR SECURITIES LLC
3386442,1315845,"EHY SECURITIES (USA), LLC"
3389658,1003908,"NEOVEST TRADING, INC."
4104401,1293272,"MWAM DISTRIBUTORS, LLC"
3399246,1343507,HSH N FINANCIAL SECURITIES LLC
3408670,1053944,"CORNERSTONE INSTITUTIONAL INVESTORS, INC."
3412341,1171135,"LAVAFLOW, INC."
3413058,1038267,QUESTAR CAPITAL CORPORATION
5113503,1088402,JEFFERSON NATIONAL SECURITIES CORPORATION
4146951,1170731,HILL STREET CAPITAL LLC
5164046,1434707,"GNV ADVISORS, LLC"
4174141,1499812,PIMCO INVESTMENTS LLC
5168978,868220,"CAIN BROTHERS & COMPANY, LLC"
3434491,1344400,DVB CAPITAL MARKETS LLC
5192713,1289023,TROUT CAPITAL LLC
3441789,775156,"ALPS DISTRIBUTORS, INC."
3442254,940320,"BERRY-SHINO SECURITIES, INC."
5279230,1122005,"SFS CAPITAL, LLC"
3444687,918176,"SOUTH GROUP INVESTMENT SERVICES, INC."
5325182,704744,"BATES SECURITIES, INC."
4209977,1441458,TOS TRADING LLC
3453607,821495,"ATLAS SECURITIES, LLC"
4212575,1268311,THOMAS WEISEL PARTNERS (USA) INC.
3460771,1005134,"GLOBAL SECURITIES (USA), INC."
5375516,1441456,SILVER LANE ADVISORS LLC
3463633,1138582,"SOVEREIGN SECURITIES CORPORATION, LLC"
3474068,1146084,KNBT SECURITIES
3482670,857294,BARRINGTON ASSOCIATES
4238463,1477613,"AMUNDI DISTRIBUTORS USA, LLC"
4257530,1329806,DIRECT EDGE ECN LLC
3543825,1356724,FIRST CITIZENS SECURITIES CORPORATION
4280631,1064127,"FIRST SOUTHEAST INVESTOR SERVICES, INC."
3546648,890383,"BANORTE SECURITIES INTERNATIONAL, LTD."
4285234,37799,"CAPITAL ANALYSTS, INCORPORATED"
3548165,1367624,"SWEDBANK SECURITIES US, LLC"
4284518,27182,D.A. DAVIDSON & CO.
4286923,76886,NATIONWIDE INVESTMENT SERVICES CORPORATION
3549528,100737,"UNIFIED FINANCIAL SECURITIES, INC."
4286419,317982,"M.L. STERN & CO., LLC"
4287078,200357,"NATIONWIDE SECURITIES, LLC"
4291918,355211,"SECURITIES AMERICA, INC."
4291963,1007501,"BRECEK & YOUNG ADVISORS, INC."
4287050,859270,NATIONWIDE FUND DISTRIBUTORS LLC
4294245,743500,"BIRCHTREE FINANCIAL SERVICES, INC."
3556003,1383165,DB SECURITIES SERVICES NJ INC.
4295596,75473,"PACIFIC SELECT DISTRIBUTORS, INC."
4295701,200022,"AMERICAN FUNDS DISTRIBUTORS, INC."
4299398,59970,LINCOLN FINANCIAL ADVISORS CORPORATION
4300025,702079,"AUTO CLUB FUNDS, INC."
4300294,851591,E*TRADE CLEARING LLC
4314152,751937,CREDIT SUISSE ASSET MANAGEMENT SECURITIES LLC
3582936,724700,"RBC DANIELS, L.P."
4316231,1398497,"CERTUSSECURITIES, INC."
4313230,920806,"TEACHERS PERSONAL INVESTORS SERVICES, INC."
4317555,1174927,"LANE, BERRY & CO. INTERNATIONAL, LLC"
4318093,1085802,"EVERTRADE DIRECT BROKERAGE, INC."
4318543,1266734,"USAA FINANCIAL ADVISORS, INC."
4321431,315985,"SCOTTRADE, INC."
4323051,1456644,"STRATSTONE SECURITIES, LLC"
3598937,85937,"RYAN BECK & CO., INC."
3599233,895338,"401(K) INVESTMENT SERVICES, INC."
4339043,1336830,"LFC SECURITIES, LLC"
4339388,1046944,"SHAY FINANCIAL SERVICES, INC."
3605620,352466,"PRESIDIO FINANCIAL SERVICES, INC."
4338916,25176,COUNTRY CAPITAL MANAGEMENT COMPANY
4339025,1139077,"MWA FINANCIAL SERVICES, INC."
3603783,771486,ACS SECURITIES CORP.
4341701,1037728,STATE FARM VP MANAGEMENT CORP.
3608621,1100968,ELECTRONIC SECURITIES PROCESSING (ESP) LLC
4343198,935476,"CALVERT INVESTMENT DISTRIBUTORS, INC."
4343246,923458,"MUTUAL OF OMAHA INVESTOR SERVICES, INC."
4344784,109521,LINCOLN FINANCIAL INVESTMENT SERVICES CORPORATION
4347422,79145,"AMERICAN CENTURY INVESTMENT SERVICES, INC."
4347431,1035116,"AMERICAN CENTURY BROKERAGE, INC."
4349257,318463,"T. ROWE PRICE INVESTMENT SERVICES, INC."
4355502,1490970,"SOUTHSIDE SECURITIES, INC."
4362265,1111302,"PULSE TRADING, INC."
3628843,861678,ALLY SECURITIES LLC
3638039,1281941,SCB SECURITIES LIMITED
3637966,1378392,UMTB SECURITIES INC.
4387978,48809,"HOWE BARNES HOEFER & ARNETT, INC."
3648681,31740,"A. G. EDWARDS & SONS INSURANCE AGENCY ARKANSAS, INC."
3648748,31740,"A. G. EDWARDS & SONS INSURANCE AGENCY - MISSISSIPPI, P.A."
3648775,31740,"A. G. EDWARDS & SONS INSURANCE AGENCY - NEVADA, INC."
4399104,841664,SAL. OPPENHEIM JR. & CIE. KOMPLEMENTAER AG
3646016,105464,"ROBECO SECURITIES, L.L.C."
3648757,31740,"A. G. EDWARDS & SONS INSURANCE AGENCY - MASSACHUSETTS, INC."
3648850,31740,A. G. EDWARDS & SONS (U.K.) LIMITED
3648739,31740,"A. G. EDWARDS & SONS INSURANCE AGENCY - MISSOURI, INC."
4413019,1121244,"ONLINE BROKERAGE SERVICES, INC."
3663675,1313286,"HYPO CAPITAL MARKETS, INC."
3670048,949896,LEERINK SWANN LLC
4438384,1295232,JAPANINVEST INC.
3673601,1422727,BLACKROCK FUND DISTRIBUTION COMPANY
3679984,1358128,G-TRADE SERVICES LLC
3685060,1281016,HARRISON LOVEGROVE & CO. (WASHINGTON) LIMITED
3685097,1281016,HARRISON LOVEGROVE AMERICAS L.P.
3685042,1281016,HARRISON LOVEGROVE & CO. LIMITED
4462192,1038620,"PRINCIPAL FUNDS DISTRIBUTOR, INC."
3685921,1428558,"BMO INVESTMENT DISTRIBUTORS, LLC"
4469771,1002806,"OFS SECURITIES, INC."
3691799,1102840,"CITI ORDER ROUTING AND EXECUTION, LLC"
4468354,1275351,"WEALTH ENHANCEMENT BROKERAGE SERVICES, LLC"
3691801,920080,"AUTOMATED TRADING DESK BROKERAGE SERVICES, LLC"
3700329,1426683,"BLACKROCK CAPITAL MARKETS, LLC"
4487814,1088407,"LIQUIDPOINT, LLC"
3706910,1435535,"HIGHMARK FUNDS DISTRIBUTORS, LLC"
4488633,1356966,CONVERGEX PRIME SERVICES LLC
4487841,1295894,EZE CASTLE TRANSACTION SERVICES LLC
4528753,893588,HOWARD WEIL INCORPORATED
3753718,836558,INSTITUTIONAL DIRECT INC.
4555076,12600,PRINCOR FINANCIAL SERVICES CORPORATION
3762000,318331,BMO CAPITAL MARKETS GKST INC.
4588300,1497228,"OX TRADING, LLC"
4618403,1146265,ECM SECURITIES CORP.
4623416,1519324,"AIG GLOBAL CAPITAL MARKETS SECURITIES, LLC"
4623407,812746,AIG FINANCIAL SECURITIES CORP.
4660158,317974,"GLOBAL ATLANTIC DISTRIBUTORS, LLC"
4664222,1580447,WAKE USA LLC
4660309,855030,"E.J. DE LA ROSA & CO., INC"
4681555,716598,"GE CAPITAL MARKETS, INC."
3811131,1262024,"RICHARDSON BARR SECURITIES, INC."
3825624,69097,"WAMU INVESTMENTS, INC."
3828205,842369,"BNP PARIBAS PRIME BROKERAGE, INC."
4759744,39782,PACIFIC CREST SECURITIES LLC
3868292,31564,"FAM DISTRIBUTORS, INC."
3867875,1286312,"MERRILL LYNCH FINANCIAL MARKETS, INC."
3874501,1138683,"REVOLUTION PARTNERS, LLC"
3881862,36937,"FIRST SOUTHWEST COMPANY, LLC"
3890202,841664,SAL. OPPENHEIM JR. & CIE. SECURITIES INC.
3914591,858951,"ML PETRIE PARKMAN CO., INC."
3916148,723863,"GPC SECURITIES, INC."
3915703,201027,"ADVEST, INC."
3916090,200359,"HERZOG, HEINE, GEDULD, LLC"
3922653,740889,"CHEVY CHASE SECURITIES, INC."
3951626,1468210,"FAIRHOLME DISTRIBUTORS, LLC"
3962574,1060552,GMAC SECURITIES LLC
3971035,893677,MORGAN STANLEY DISTRIBUTORS INC.
3993671,1024711,REDI GLOBAL TECHNOLOGIES LLC
3996104,1107562,"EPOCH SECURITIES, INC."
